ID_MAXIMO,Route,Order,Night_shift,longitude,latitude,ID,Cleaning_time_abri
Depot,NA,1,100,4.34894911389561,52.0653854823115,0,0
HLS0138,REI-D101,1,0,4.376993,52.050768,1,20
HLS0140,REI-D101,2,0,4.370949,52.046627,2,20
HLS0172,REI-D101,3,0,4.3647,52.043238,3,20
HLS0131,REI-D101,4,0,4.362007,52.02779,4,20
HLS0130,REI-D101,5,0,4.362162,52.028034,5,13
HLS0219,REI-D101,6,0,4.366838,52.031948,6,20
HLS0218,REI-D101,7,0,4.367013,52.031941,7,20
HLS0127,REI-D101,8,0,4.374758,52.035513,8,20
HLS0126,REI-D101,9,0,4.375093,52.035507,9,13
HLS0336,REI-D101,10,0,4.383181,52.032287,10,13
HLS0337,REI-D101,11,0,4.383063,52.032376,11,13
HLS0141,REI-D101,12,0,4.371153,52.046673,12,20
HLS0139,REI-D101,13,0,4.377239,52.05086,13,20
HLS0163,REI-D101,14,0,4.415457,52.062058,14,20
HLS0207,REI-D101,15,0,4.416644,52.059075,15,20
HLS0206,REI-D101,16,0,4.416687,52.05912,16,20
HLS0164,REI-D101,17,0,4.41544,52.062148,17,20
HLS0133,REI-D101,18,0,4.410877,52.065427,18,20
HLS0132,REI-D101,19,0,4.410286,52.065791,19,13
HLS0214,REI-D101,20,0,4.406458,52.068105,20,20
HLS0215,REI-D101,21,0,4.406224,52.06813,21,20
HLT7119,REI-D101,22,0,4.352312,52.067093,22,20
HLT7120,REI-D101,23,0,4.352534,52.066961,23,13
HLT3907,REI-D101,24,0,4.34064110329787,52.0667989654997,24,20
HLT3908,REI-D101,25,0,4.340601,52.067071,25,13
HLS0184,REI-D102,1,0,4.283969,52.034491,26,20
HLS0155,REI-D102,2,0,4.285972,52.031265,27,20
HLS0194,REI-D102,3,0,4.29007,52.026368,28,20
HLS0161,REI-D102,4,0,4.293527,52.022661,29,20
HLS0198,REI-D102,5,0,4.297951,52.019862,30,20
HLS0202,REI-D102,6,0,4.302055,52.018264,31,20
HLS0203,REI-D102,7,0,4.301737,52.018755,32,20
HLS0199,REI-D102,8,0,4.296792,52.020822,33,20
HLS0162,REI-D102,9,0,4.293806,52.023167,34,20
HLS0195,REI-D102,10,0,4.289974,52.026727,35,20
HLS0156,REI-D102,11,0,4.286533,52.031549,36,20
HLS0185,REI-D102,12,0,4.284155,52.03461,37,20
HLT3343,REI-D102,13,0,4.271386624325,52.0360149317233,38,13
HLT3340,REI-D102,14,0,4.2660258276495,52.033319918307,39,13
HLT3371,REI-D102,15,0,4.267006,52.033243,40,13
HLT3357,REI-D102,16,0,4.26051893417767,52.0305256626575,41,20
HLT3339,REI-D102,17,0,4.26120043377742,52.0309099898917,42,20
HLT3341,REI-D102,18,0,4.26740594541066,52.0337477588673,43,20
HLT3342,REI-D102,19,0,4.27168317229995,52.0359325997125,44,20
HLT3612,REI-D102,20,0,4.29001010596668,52.0444938985215,45,20
HLT3613,REI-D102,21,0,4.29118082368249,52.0440387053657,46,20
HLS0142,REI-D102,22,0,4.30322,52.047793,47,20
HLS0143,REI-D102,23,0,4.303809,52.046972,48,20
HLT4015,REI-D102,24,0,4.285574,52.040322,49,20
HLT4016,REI-D102,25,0,4.28561,52.040044,50,20
HLT3912,REI-D103,1,0,4.336626,52.069903,51,13
HLT3903,REI-D103,2,0,4.33330205409404,52.0729117774667,52,13
HLT3904,REI-D103,3,0,4.33434179462147,52.0716611773701,53,13
HLT3906,REI-D103,4,0,4.3364707744107,52.0701556590412,54,20
HLT3905,REI-D103,5,0,4.33705246394757,52.0689586013162,55,20
HLS0307,REI-D103,6,0,4.269523,52.022319,56,13
HLS0308,REI-D103,7,0,4.269222,52.022127,57,13
HLS0309,REI-D103,8,0,4.274822,52.02369,58,13
HLS0304,REI-D103,9,0,4.281466,52.02547,59,13
HLS0305,REI-D103,10,0,4.280727,52.025301,60,13
HLS0235,REI-D103,11,0,4.36135,52.100359,61,20
HLS0236,REI-D103,12,0,4.360956,52.100355,62,20
HLS0152,REI-D103,13,0,4.358048,52.098631,63,20
HLS0205,REI-D103,14,0,4.349589,52.093316,64,20
HLS0129,REI-D103,15,0,4.339957,52.090202,65,20
HLS0183,REI-D103,16,0,4.333882,52.087325,66,13
HLS0125,REI-D103,17,0,4.328673,52.084834,67,13
HLS0362,REI-D103,18,0,4.331293,52.092507,68,20
HLS0366,REI-D103,19,0,4.335599,52.094361,69,13
HLS0367,REI-D103,20,0,4.347509,52.09932,70,13
HLS0365,REI-D103,21,0,4.358149,52.105005,71,13
HLS0368,REI-D103,22,0,4.346273,52.099103,72,20
HLS0364,REI-D103,23,0,4.334929,52.094274,73,13
HLS0363,REI-D103,24,0,4.329667,52.09216,74,13
HLS0124,REI-D103,25,0,4.329035,52.084945,75,13
HLS0182,REI-D103,26,0,4.335973,52.088369,76,13
HLS0128,REI-D103,27,0,4.34088,52.090669,77,20
HLS0204,REI-D103,28,0,4.350785,52.093965,78,20
HLS0151,REI-D103,29,0,4.357855,52.098108,79,20
HLT2636,REI-D104,1,0,4.33575583046536,52.0855605236657,80,20
HLT2504,REI-D104,2,0,4.35070206639716,52.092189557212,81,20
HLT2502,REI-D104,3,0,4.34746839776514,52.0909152755171,82,20
HLT2641,REI-D104,4,0,4.344221098045,52.0893228656168,83,13
HLT2640,REI-D104,5,0,4.34053603045142,52.0878914018656,84,13
HLT2635,REI-D104,6,0,4.33584919834467,52.085735494864,85,20
HLT2639,REI-D104,7,0,4.3395330165364,52.0872884352986,86,20
HLT2642,REI-D104,8,0,4.34439808585869,52.089182696308,87,20
HLT2501,REI-D104,9,0,4.34728061693831,52.0906293138396,88,20
HLT2503,REI-D104,10,0,4.35244085851387,52.0926541492052,89,20
HLT2506,REI-D104,11,0,4.3559562781038,52.0943794596975,90,13
HLT2505,REI-D104,12,0,4.35615315934329,52.0943226209363,91,13
HLT2507,REI-D104,13,0,4.36013991659398,52.0964923707625,92,13
HLT2508,REI-D104,14,0,4.36071909051003,52.09652487987,93,20
HLS0157,REI-D104,15,0,4.332999,52.081448,94,20
HLS0316,REI-D104,16,0,4.335131,52.079507,95,20
HLS0147,REI-D104,17,0,4.337596,52.077642,96,20
HLS0148,REI-D104,18,0,4.337889,52.077599,97,13
HLS0315,REI-D104,19,0,4.334246,52.080542,98,13
HLT2649,REI-D104,20,0,4.33931637114307,52.0843828889647,99,20
HLT2637,REI-D104,21,0,4.33684134900341,52.0865157166829,100,20
HLT3844,REI-D105,1,0,4.3120325933739,52.0582038775979,101,13
HLT3843,REI-D105,2,0,4.31227534198531,52.0580301651399,102,20
HLT3858,REI-D105,3,0,4.31476386024955,52.0647737440185,103,20
HLT3857,REI-D105,4,0,4.31534220608393,52.0650114218305,104,20
HLT3860,REI-D105,5,0,4.31860823810236,52.0669240153178,105,13
HLT3859,REI-D105,6,0,4.31862063254475,52.0667390942887,106,20
HLT3847,REI-D105,7,0,4.3226077914308,52.068526848567,107,65
HLT2874,REI-D105,8,0,4.30896562829692,52.0813951847169,108,20
HLT2873,REI-D105,9,0,4.30955207869815,52.0813797306583,109,20
HLT2857,REI-D105,10,0,4.3181708455341,52.0762761181492,110,20
HLT2858,REI-D105,11,0,4.320234,52.077117,111,13
HLT3820,REI-D105,12,0,4.32176434430744,52.0580731595153,112,20
HLT3833,REI-D105,13,0,4.32339259232234,52.0557150313279,113,13
HLT3834,REI-D105,14,0,4.32384185127498,52.0557310434146,114,20
HLT3819,REI-D105,15,0,4.32137820675742,52.0587886410883,115,20
HLT3807,REI-D105,16,0,4.31843417672131,52.0611665389729,116,20
HLT3808,REI-D105,17,0,4.31835416602612,52.0610015648897,117,20
HLT2633,REI-D106,1,0,4.33298454463528,52.0844643197803,118,20
HLT2634,REI-D106,2,0,4.33328306724958,52.0844686259132,119,20
HLT2631,REI-D106,3,0,4.33006987364627,52.0830736144388,120,20
HLT2632,REI-D106,4,0,4.33092356249137,52.0834327104532,121,20
HLT2638,REI-D106,5,0,4.33736218862579,52.0859212517317,122,20
HLT2650,REI-D106,6,0,4.33930181540872,52.0842494031283,123,20
HLS0158,REI-D106,7,0,4.331895,52.081878,124,20
HLT0447,REI-D106,8,0,4.315542,52.091529,125,13
HLT0448,REI-D106,9,0,4.315419,52.091761,126,13
HLT0436,REI-D106,10,0,4.317533,52.088805,127,20
HLT0437,REI-D106,11,0,4.319583,52.089741,128,13
HLT0427,REI-D106,12,0,4.3195205259337,52.0921868243557,129,13
HLT0426,REI-D106,13,0,4.31957823867838,52.0924967656612,130,20
HLT0428,REI-D106,14,0,4.323095,52.093601,131,13
HLT0429,REI-D106,15,0,4.324033,52.094068,132,20
HLT0440,REI-D106,16,0,4.330286,52.094367,133,13
HLT0431,REI-D106,17,0,4.326403,52.096265,134,20
HLT0416,REI-D106,18,0,4.32193029175675,52.1001790236594,135,20
HLT0404,REI-D106,19,0,4.31796413410107,52.1035931062374,136,20
HLT0406,REI-D106,20,0,4.317923,52.104215,137,13
HLT0405,REI-D106,21,0,4.319108,52.104729,138,20
HLT0408,REI-D106,22,0,4.323166,52.105359,139,13
HLT0409,REI-D106,23,0,4.325369,52.105388,140,20
HLT0407,REI-D106,24,0,4.323516,52.105956,141,20
HLT0410,REI-D106,25,0,4.318902,52.105159,142,13
HLT0402,REI-D107,1,0,4.31501964749388,52.1012343283809,143,20
HLT0401,REI-D107,2,0,4.31490865154569,52.1010789016025,144,20
HLT0403,REI-D107,3,0,4.31814917046317,52.1031156242217,145,20
HLT0413,REI-D107,4,0,4.315566,52.098441,146,13
HLT0411,REI-D107,5,0,4.31159347098113,52.0966546050319,147,20
HLT0418,REI-D107,6,0,4.31305610533233,52.0945623928717,148,20
HLT0417,REI-D107,7,0,4.3128388294109,52.0952006965006,149,20
HLT0412,REI-D107,8,0,4.31308300599461,52.0973925733531,150,13
HLT0414,REI-D107,9,0,4.315853,52.098641,151,20
HLT0415,REI-D107,10,0,4.32156599743908,52.1001717034707,152,20
HLT0430,REI-D107,11,0,4.326409,52.096022,153,20
HLS0363,REI-D107,12,0,4.329667,52.09216,154,13
HLT0603,REI-D107,13,0,4.29987278824698,52.0973919192484,155,20
HLT0604,REI-D107,14,0,4.3000957481723,52.0974605468231,156,20
HLT0605,REI-D107,15,0,4.30115079503412,52.0946637597382,157,13
HLT0503,REI-D107,16,0,4.30207935405249,52.0939709414044,158,20
HLT0504,REI-D107,17,0,4.30265277689089,52.0933089689487,159,20
HLT2401,REI-D107,18,0,4.31645272209252,52.0848837193078,160,13
HLT2403,REI-D107,19,0,4.31683348723635,52.0848754088929,161,20
HLT0226,REI-D107,20,0,4.29813714441596,52.1090120342029,162,13
HLT0225,REI-D107,21,0,4.29679152688367,52.1101260213315,163,20
HLT0310,REI-D107,22,0,4.30846406104529,52.108784020229,164,20
HLT0309,REI-D107,23,0,4.306603,52.10937,165,20
HLT0224,REI-D107,24,0,4.29632906024534,52.111317114036,166,20
HLT0223,REI-D107,25,0,4.29589280932128,52.1112833139141,167,20
HLT0222,REI-D107,26,0,4.29093739612432,52.1106503366313,168,20
HLT0220,REI-D108,1,0,4.288068,52.109747,169,13
HLT0219,REI-D108,2,0,4.287317,52.109992,170,20
HLT0218,REI-D108,3,0,4.28741505902821,52.1121333071707,171,20
HLT0217,REI-D108,4,0,4.28726571567318,52.1121945199754,172,20
HLT0229,REI-D108,5,0,4.284011,52.112047,173,20
HLT0205,REI-D108,6,0,4.28368444242148,52.1120294402802,174,20
HLT0726,REI-D108,7,0,4.28868138576308,52.1070809777064,175,20
HLT0727,REI-D108,8,0,4.28913714381468,52.1072879836596,176,13
HLT0725,REI-D108,9,0,4.28639333811982,52.104617517952,177,20
HLT0734,REI-D108,10,0,4.28310135961231,52.1014730771013,178,21
HLT0724,REI-D108,11,0,4.28629427503056,52.1040868685722,179,20
HLT3201,REI-D108,12,0,4.25988473489936,52.0622454150696,180,20
HLT3202,REI-D108,13,0,4.26084791879404,52.0622208895183,181,20
HLT1924,REI-D108,14,0,4.25792464337325,52.063676852156,182,20
HLT1914,REI-D108,15,0,4.25332837593685,52.0649013007184,183,13
HLT1911,REI-D108,16,0,4.25169263633927,52.0650468266869,184,20
HLT1907,REI-D108,17,0,4.24784825566121,52.0668517449488,185,20
HLT1908,REI-D108,18,0,4.24806906684069,52.0662887519574,186,20
HLT1912,REI-D108,19,0,4.25421544289492,52.0641477905831,187,20
HLT1913,REI-D108,20,0,4.25237651264599,52.0641480614418,188,20
HLT1923,REI-D108,21,0,4.25696917650807,52.0635688982326,189,20
HLT3408,REI-D108,22,0,4.27463851350802,52.0554122317093,190,20
HLT1107,REI-D109,1,0,4.2801918694878,52.0884045222757,191,13
HLT1106,REI-D109,2,0,4.27946560860845,52.0883699908259,192,20
HLT1125,REI-D109,3,0,4.27800489877421,52.0875793139329,193,20
HLT0930,REI-D109,4,0,4.277596,52.087573,194,20
HLT0932,REI-D109,5,0,4.274044,52.086047,195,20
HLT0920,REI-D109,6,0,4.280671,52.093615,196,13
HLT0919,REI-D109,7,0,4.280661,52.093444,197,13
HLT0944,REI-D109,8,0,4.278274,52.090842,198,13
HLT0908,REI-D109,9,0,4.276434,52.092659,199,13
HLT0912,REI-D109,10,0,4.276237,52.09236,200,13
HLT0910,REI-D109,11,0,4.2779008915119,52.0953394429413,201,20
HLT0911,REI-D109,12,0,4.27817729560765,52.0954738560172,202,20
HLT0905,REI-D109,13,0,4.28133152309854,52.0989761989589,203,20
HLT0904,REI-D109,14,0,4.28151634258156,52.0991939850492,204,20
HLT0732,REI-D109,15,0,4.270283,52.096457,205,20
HLT0730,REI-D109,16,0,4.26678963953563,52.0928095335104,206,13
HLT0807,REI-D109,17,0,4.26229,52.090439,207,13
HLT0804,REI-D109,18,0,4.257331,52.089753,208,13
HLT0803,REI-D109,19,0,4.258315,52.090104,209,20
HLT0808,REI-D109,20,0,4.26232924694836,52.0903021773036,210,20
HLT0744,REI-D109,21,0,4.263884,52.093232,211,20
HLT0731,REI-D110,1,0,4.26831401662161,52.0938865902528,212,20
HLT0732,REI-D110,2,0,4.270283,52.096457,213,20
HLT0718,REI-D110,3,0,4.27373983210292,52.1009544842491,214,20
HLT0719,REI-D110,4,0,4.27497905453913,52.101621233843,215,20
HLT1103,REI-D110,5,0,4.27804922351556,52.0872465784974,216,20
HLT0515,REI-D110,6,0,4.301436,52.087085,217,20
HLT0510,REI-D110,7,0,4.305635,52.090243,218,20
HLT0511,REI-D110,8,0,4.305544,52.089765,219,20
HLT0516,REI-D110,9,0,4.302489,52.087598,220,13
HLT1123,REI-D110,10,0,4.29225717843593,52.0850455566203,221,20
HLT1118,REI-D110,11,0,4.28764956198165,52.0852910315099,222,20
HLT1112,REI-D110,12,0,4.27906386319042,52.0837158898949,223,20
HLT1113,REI-D110,13,0,4.27959798558544,52.0843315815511,224,20
HLT1110,REI-D110,14,0,4.276644447142,52.0820934275228,225,20
HLT2013,REI-D110,15,0,4.27645092087172,52.0780417480059,226,13
HLT2017,REI-D110,16,0,4.2750865024914,52.0755849821451,227,13
HLT2021,REI-D110,17,0,4.27527997395789,52.0725871733176,228,13
HLT2019,REI-D111,1,0,4.26939161648067,52.0706462933887,229,13
HLT1917,REI-D111,2,0,4.26290266589708,52.0689136755134,230,20
HLT1916,REI-D111,3,0,4.25895770076123,52.0675020680755,231,20
HLT1918,REI-D111,4,0,4.2634417566283,52.0690452467923,232,20
HLT2020,REI-D111,5,0,4.26965993642885,52.0706091001204,233,20
HLT2022,REI-D111,6,0,4.27553122836856,52.072911299228,234,20
HLT2018,REI-D111,7,0,4.27563188763052,52.0763723262955,235,13
HLT2012,REI-D111,8,0,4.27702211647354,52.0790645740701,236,20
HLT1111,REI-D111,9,0,4.27705199663484,52.0820482331792,237,13
HLT1117,REI-D111,10,0,4.28699681366676,52.0852006860692,238,20
HLT1124,REI-D111,11,0,4.29223345216926,52.0848907024605,239,13
HLT1209,REI-D111,12,0,4.27311984709792,52.0851645503645,240,13
HLT1210,REI-D111,13,0,4.27215595707529,52.0851388195567,241,20
HLT1207,REI-D111,14,0,4.26528730574358,52.082334695646,242,20
HLT1208,REI-D111,15,0,4.26438726289608,52.0820789153493,243,20
HLT1203,REI-D111,16,0,4.26082125206425,52.080466894061,244,20
HLT1204,REI-D111,17,0,4.25979113764391,52.0801897119236,245,20
HLT1201,REI-D111,18,0,4.254697608956,52.0780749136373,246,20
HLT1202,REI-D111,19,0,4.25525747672709,52.0781925118133,247,20
HLT1308,REI-D111,20,0,4.2494000148956,52.0758939817389,248,13
HLT1307,REI-D112,1,0,4.25140470872696,52.0765455599332,249,20
HLT1306,REI-D112,2,0,4.2465174891641,52.0745400668295,250,20
HLT1305,REI-D112,3,0,4.24535029567165,52.0742207720985,251,13
HLT1508,REI-D112,4,0,4.22357280945134,52.0668077938643,252,13
HLT1506,REI-D112,5,0,4.22275324695712,52.06862350349,253,13
HLT1502,REI-D112,6,0,4.2180835140604,52.066462482348,254,20
HLT1504,REI-D112,7,0,4.22262956598752,52.0687621457293,255,13
HLT1516,REI-D112,8,0,4.22413015587448,52.0655872066853,256,20
HLT1514,REI-D112,9,0,4.22480085871072,52.0662687756448,257,20
HLT1403,REI-D112,10,0,4.23218187382161,52.0681388537322,258,20
HLT1404,REI-D112,11,0,4.23209838799404,52.0683856675575,259,13
HLT1412,REI-D112,12,0,4.23561459026974,52.0670429366823,260,20
HLT1411,REI-D112,13,0,4.23555543563438,52.0666292135708,261,20
HLT1406,REI-D112,14,0,4.23667656912648,52.0698108687924,262,35
HLT1408,REI-D112,15,0,4.24097381784305,52.0715910519634,263,35
HLT1421,REI-D112,16,0,4.24065349556269,52.0657695373576,264,20
HLT1417,REI-D112,17,0,4.23706984122819,52.0648769363753,265,20
HLT1418,REI-D112,18,0,4.23747181956075,52.065053313257,266,13
HLT1425,REI-D112,19,0,4.22654154604364,52.0631085093536,267,20
HLT1426,REI-D112,20,0,4.22602396063551,52.0632317860165,268,20
HLT1873,REI-D112,21,0,4.22606296129191,52.0585112299475,269,20
HLT1872,REI-D112,22,0,4.22662194525206,52.0583088276514,270,20
HLT1835,REI-D112,23,0,4.22786206254449,52.0570660144044,271,20
HLT1834,REI-D112,24,0,4.22801370012659,52.0575349570347,272,20
HLS0188,REI-D113,1,0,4.226034,52.050833,273,13
HLS0189,REI-D113,2,0,4.226701,52.051001,274,13
HLS0190,REI-D113,3,0,4.221448,52.0489,275,13
HLS0197,REI-D113,4,0,4.209976,52.046062,276,20
HLS0196,REI-D113,5,0,4.209726,52.04615,277,20
HLS0191,REI-D113,6,0,4.222247,52.049025,278,20
HLS0192,REI-D113,7,0,4.229364,52.052313,279,20
HLS0193,REI-D113,8,0,4.229754,52.052452,280,20
HLT1821,REI-D113,9,0,4.23389974883629,52.0542678637796,281,20
HLT1820,REI-D113,10,0,4.23365387456737,52.0543610610503,282,20
HLT1822,REI-D113,11,0,4.23853864000956,52.0550860576614,283,20
HLT1823,REI-D113,12,0,4.2384645101827,52.0551826032326,284,20
HLT1828,REI-D113,13,0,4.24795344050782,52.059436250326,285,20
HLT1808,REI-D113,14,0,4.24740593582614,52.0613182814916,286,20
HLT1809,REI-D113,15,0,4.24703740239513,52.0612914415407,287,20
HLT1829,REI-D113,16,0,4.24783772247889,52.059305178619,288,13
HLT1715,REI-D113,17,0,4.25163227605954,52.0557213157229,289,20
HLT1716,REI-D113,18,0,4.25072483701974,52.0563952744465,290,20
HLT1825,REI-D113,19,0,4.24605639344988,52.0565327580841,291,20
HLS0136,REI-D113,20,0,4.253607,52.051902,292,20
HLS0230,REI-D113,21,0,4.248576,52.048473,293,20
HLS0166,REI-D113,22,0,4.242597,52.043984,294,20
HLS0212,REI-D113,23,0,4.235364,52.039536,295,20
HLS0213,REI-D113,24,0,4.236315,52.039977,296,13
HLT1677,REI-D114,1,0,4.240459,52.045518,297,20
HLS0165,REI-D114,2,0,4.240985,52.043186,298,20
HLS0231,REI-D114,3,0,4.249571,52.048914,299,20
HLS0137,REI-D114,4,0,4.254675,52.052307,300,20
HLT1717,REI-D114,5,0,4.25868285890681,52.0551439362332,301,13
HLT1718,REI-D114,6,0,4.25740910117965,52.0545174488491,302,13
HLT1721,REI-D114,7,0,4.26193342693348,52.0570853492844,303,20
HLT1719,REI-D114,8,0,4.26153361671092,52.0570438914836,304,13
HLT3209,REI-D114,9,0,4.26360454959403,52.0594866872479,305,20
HLT3210,REI-D114,10,0,4.26362238597099,52.0592943612872,306,20
HLS0181,REI-D114,11,0,4.296006,52.054864,307,13
HLS0217,REI-D114,12,0,4.29238,52.058839,308,20
HLT3708,REI-D114,13,0,4.30306038741281,52.056294589728,309,20
HLT3709,REI-D114,14,0,4.30193001200223,52.0567790743245,310,20
HLS0216,REI-D114,15,0,4.29354,52.057933,311,13
HLS0180,REI-D114,16,0,4.29642,52.054023,312,13
HLS0135,REI-D114,17,0,4.298769,52.051564,313,20
HLS0134,REI-D114,18,0,4.298853,52.051124,314,20
HLT3601,REI-D114,19,0,4.2847159887493,52.048140641604,315,20
HLT3439,REI-D114,20,0,4.28087620553163,52.0512774337604,316,13
HLT3438,REI-D115,1,0,4.28091817078335,52.0509160884693,317,20
HLT3436,REI-D115,2,0,4.27935778947973,52.0491489091486,318,20
HLT3437,REI-D115,3,0,4.27931534507729,52.0496709143165,319,20
HLT3413,REI-D115,4,0,4.27446096207117,52.0500461641258,320,50
HLT3414,REI-D115,5,0,4.27493207188515,52.0501525582492,321,35
HLT3411,REI-D115,6,0,4.26869833451072,52.0477124666053,322,20
HLT3412,REI-D115,7,0,4.26868762699302,52.0475936956631,323,20
HLT3323,REI-D115,8,0,4.26385473215324,52.0453663001048,324,20
HLT3322,REI-D115,9,0,4.26367949667824,52.0451257772462,325,13
HLT3320,REI-D115,10,0,4.25955067643816,52.0429242712834,326,20
HLT3321,REI-D115,11,0,4.26096666202824,52.0435738241702,327,20
HLT3405,REI-D115,12,0,4.27089447410194,52.053112189457,328,20
HLT3406,REI-D115,13,0,4.27159931046594,52.0526932210473,329,20
HLT3319,REI-D115,14,0,4.25645385688362,52.0411331030516,330,13
HLT3318,REI-D115,15,0,4.25564423852357,52.0405391486485,331,20
HLT3361,REI-D115,16,0,4.25138391005665,52.0382738684478,332,13
HLT3362,REI-D115,17,0,4.25167428443517,52.0382394648354,333,20
HLT3383,REI-D115,18,0,4.247341,52.040893,334,13
HLT3831,REI-D115,19,0,4.31707574907799,52.0528976293673,335,20
HLT3832,REI-D115,20,0,4.31718163910084,52.0530424479811,336,20
HLT3830,REI-D115,21,0,4.31314795195388,52.0521382111461,337,20
HLT3829,REI-D115,22,0,4.3130338564257,52.0519980239806,338,20
HLT3628,REI-D116,1,0,4.30970802487795,52.0549794250182,339,20
HLT3629,REI-D116,2,0,4.3069375086602,52.05557647248,340,13
HLT3120,REI-D116,3,0,4.28386639706819,52.0620224434907,341,13
HLT3119,REI-D116,4,0,4.28369421306727,52.0621057744916,342,13
HLT3122,REI-D116,5,0,4.28896101903139,52.0634384554823,343,20
HLT3125,REI-D116,6,0,4.290986,52.061586,344,13
HLT3126,REI-D116,7,0,4.290975,52.062026,345,13
HLT3121,REI-D116,8,0,4.28893585765551,52.0635550932196,346,20
HLT3010,REI-D116,9,0,4.29303676506319,52.0650347876347,347,20
HLT3009,REI-D116,10,0,4.2922575271077,52.0647999584986,348,20
HLS0209,REI-D116,11,0,4.293086,52.059769,349,13
HLS0208,REI-D116,12,0,4.293286,52.059989,350,13
HLS0159,REI-D116,13,0,4.297677,52.061091,351,20
HLS0160,REI-D116,14,0,4.297795,52.061056,352,20
HLS0145,REI-D116,15,0,4.300864,52.062576,353,35
HLS0153,REI-D116,16,0,4.30153,52.069387,354,13
HLS0154,REI-D116,17,0,4.301586,52.069495,355,13
HLT2909,REI-D116,18,0,4.29988572911518,52.0695292616339,356,20
HLT2910,REI-D116,19,0,4.30018187767599,52.0696457209712,357,20
HLT2914,REI-D116,20,0,4.29629262165418,52.0664445261655,358,13
HLT2913,REI-D116,21,0,4.29664274776856,52.0669020617042,359,20
HLT3220,REI-D116,22,0,4.27930098012377,52.059629346447,360,20
HLT3407,REI-D116,23,0,4.2739476630964,52.0553528654491,361,20
HLT3409,REI-D116,24,0,4.27420511612319,52.0536654418527,362,20
HLT3410,REI-D116,25,0,4.27510786782432,52.0533970975609,363,20
HLT3408,REI-D116,26,0,4.27463851350802,52.0554122317093,364,20
HLT3219,REI-D116,27,0,4.27895473356375,52.0591470110401,365,20
HLS0032,REI-D201,1,0,4.34982,52.019171,366,21
HLS0026,REI-D201,2,0,4.35255,52.023356,367,13
HLS0027,REI-D201,3,0,4.352697,52.023322,368,13
HLS0018,REI-D201,4,0,4.355161,52.024521,369,13
HLS0019,REI-D201,5,0,4.355293,52.024477,370,13
HLS0048,REI-D201,6,0,4.359241,52.020709,371,13
HLS0047,REI-D201,7,0,4.359237,52.020853,372,13
HLS0013,REI-D201,8,0,4.355605,52.020408,373,21
HLS0070,REI-D201,9,0,4.361901,52.019034,374,13
HLS0069,REI-D201,10,0,4.361957,52.019169,375,13
HLS0023,REI-D201,11,0,4.365037,52.016346,376,13
HLS0022,REI-D201,12,0,4.365948,52.015365,377,13
HLS0025,REI-D201,13,0,4.370789,52.0145,378,13
HLS0024,REI-D201,14,0,4.370819,52.014464,379,13
HLS0078,REI-D201,15,0,4.36423,52.013409,380,13
HLS0077,REI-D201,16,0,4.363953,52.013407,381,13
HLS0030,REI-D201,17,0,4.36204,52.012356,382,13
HLS0031,REI-D201,18,0,4.361675,52.01238,383,13
HLS0083,REI-D201,19,0,4.375616,52.011062,384,13
HLS0066,REI-D201,20,0,4.358199,52.010885,385,13
HLS0067,REI-D201,21,0,4.358576,52.01096,386,13
HLS0066,REI-D201,22,0,4.358199,52.010885,387,13
HLS0084,REI-D201,23,0,4.375897,52.010867,388,13
HLS0052,REI-D201,24,0,4.378021,52.012953,389,21
HLS0319,REI-D201,25,0,4.375749,52.014192,390,13
HLS0318,REI-D201,26,0,4.375723,52.014066,391,13
HLS0038,REI-D201,27,0,4.374033,52.015354,392,13
HLS0040,REI-D201,28,0,4.374017,52.015444,393,13
HLS0374,REI-D201,29,0,4.379545,52.017739,394,13
HLS0320,REI-D202,1,0,4.324362,52.004669,395,13
HLS0321,REI-D202,2,0,4.324363,52.004615,396,13
HLS0334,REI-D202,3,0,4.322048,52.007669,397,13
HLS0335,REI-D202,4,0,4.321908,52.007443,398,13
HLS0081,REI-D202,5,0,4.333382,52.00946,399,13
HLS0082,REI-D202,6,0,4.333836,52.00995,400,13
HLS0376,REI-D202,7,0,4.334537,52.012994,401,13
HLS0103,REI-D202,8,0,4.338342,52.009747,402,13
HLS0102,REI-D202,9,0,4.338314,52.009675,403,13
HLS0061,REI-D202,10,0,4.342006,52.010634,404,21
HLS0111,REI-D202,11,0,4.34569,52.01073,405,13
HLS0110,REI-D202,12,0,4.345658,52.010819,406,13
HLS0049,REI-D202,13,0,4.349829,52.008087,407,13
HLS0050,REI-D202,14,0,4.34965,52.008293,408,13
HLC0472,REI-D202,15,0,4.352599,52.009262,409,13
HLC0473,REI-D202,16,0,4.354966,52.009571,410,13
HLS0330,REI-D202,17,0,4.351295,52.003894,411,13
HLS0329,REI-D202,18,0,4.350302,52.004649,412,13
HLS0036,REI-D202,19,0,4.346871,52.000637,413,13
HLS0115,REI-D202,20,0,4.342894,52.001312,414,13
HLS0114,REI-D202,21,0,4.342905,52.001455,415,13
HLS0113,REI-D202,22,0,4.344512,52.002503,416,13
HLS0112,REI-D202,23,0,4.344381,52.002502,417,13
HLS0064,REI-D202,24,0,4.345462,52.004238,418,13
HLS0065,REI-D202,25,0,4.34537,52.004426,419,13
HLS0037,REI-D202,26,0,4.34923,52.000639,420,13
HLS0377,REI-D202,27,0,4.336646,52.014964,421,13
HLS0076,REI-D203,1,0,4.379615,52.006827,422,13
HLS0075,REI-D203,2,0,4.379677,52.006684,423,13
HLS0088,REI-D203,3,0,4.373822,52.007308,424,13
HLS0087,REI-D203,4,0,4.372758,52.007335,425,13
HLS0029,REI-D203,5,0,4.37171,52.009231,426,13
HLS0028,REI-D203,6,0,4.371574,52.008825,427,13
HLS0378,REI-D203,7,0,4.369782,52.006895,428,13
HLS0068,REI-D203,8,0,4.369292,52.006657,429,13
HLS0100,REI-D203,9,0,4.37757,52.001282,430,21
HLS0079,REI-D203,10,0,4.379873,51.99793,431,13
HLS0080,REI-D203,11,0,4.38012,51.99796,432,13
HLS0098,REI-D203,12,0,4.3772,52.002833,433,13
HLS0099,REI-D203,13,0,4.37723,52.002798,434,13
HLS0085,REI-D203,14,0,4.380008,52.003595,435,13
HLS0086,REI-D203,15,0,4.38056,52.003671,436,13
HLS0391,REI-D203,16,0,4.37762,51.984842,437,13
HLS0392,REI-D203,17,0,4.377639,51.984617,438,13
HLS0393,REI-D203,18,0,4.379791,51.981498,439,13
HLS0394,REI-D203,19,0,4.379823,51.981382,440,13
HLS0395,REI-D203,20,0,4.383842,51.976113,441,13
HLS0396,REI-D203,21,0,4.383769,51.976121,442,13
HLS0092,REI-D203,22,0,4.339829,51.998453,443,13
HLS0091,REI-D203,23,0,4.340699,51.998631,444,13
HLS0096,REI-D203,24,0,4.333998,51.997466,445,13
HLS0097,REI-D203,25,0,4.334276,51.997432,446,13
HLS0063,REI-D203,26,0,4.333908,51.995712,447,21
HLS0340,REI-D204,1,0,4.357765,51.991069,448,13
HLS0053,REI-D204,2,0,4.356582,51.993127,449,13
HLS0073,REI-D204,3,0,4.355471,51.995202,450,13
HLS0074,REI-D204,4,0,4.355611,51.994206,451,13
HLS0054,REI-D204,5,0,4.356705,51.992229,452,13
HLS0341,REI-D204,6,0,4.35737,51.991138,453,13
HLS0056,REI-D204,7,0,4.360054,51.987746,454,13
HLS0057,REI-D204,8,0,4.360179,51.987369,455,13
HLS0041,REI-D204,9,0,4.361708,51.985477,456,21
HLS0045,REI-D204,10,0,4.362172,51.983656,457,21
HLS0093,REI-D204,11,0,4.357517,51.982231,458,13
HLS0094,REI-D204,12,0,4.356862,51.982199,459,13
HLS0379,REI-D204,13,0,4.351844,51.993382,460,13
HLS0058,REI-D204,14,0,4.346839,51.983782,461,13
HLS0059,REI-D204,15,0,4.347036,51.983478,462,13
HLS0107,REI-D204,16,0,4.34485,51.987324,463,13
HLS0106,REI-D204,17,0,4.34435,51.987518,464,13
HLS0021,REI-D204,18,0,4.343857,51.989976,465,13
HLS0020,REI-D204,19,0,4.343247,51.989899,466,13
HLS0072,REI-D205,1,0,4.334764,51.994021,467,13
HLS0071,REI-D205,2,0,4.33485,51.993465,468,13
HLS0034,REI-D205,3,0,4.336748,51.993248,469,13
HLS0035,REI-D205,4,0,4.337055,51.993161,470,13
HLS0105,REI-D205,5,0,4.339468,51.990252,471,13
NEW,REI-D205,6,0,4.339447,51.989874,472,13
HLS0317,REI-D205,7,0,4.385711,51.989513,473,13
HLS0358,REI-D205,8,0,4.382124,51.988485,474,13
HLS0357,REI-D205,9,0,4.381908,51.989013,475,13
HLS0356,REI-D205,10,0,4.380181,51.991353,476,13
HLS0355,REI-D205,11,0,4.380148,51.991551,477,21
HLS0344,REI-D205,12,0,4.376178,51.996506,478,21
HLS0345,REI-D205,13,0,4.376815,51.99599,479,13
HLS0346,REI-D205,14,0,4.373804,51.999703,480,21
HLS0347,REI-D205,15,0,4.374078,51.999193,481,13
HLS0015,REI-D205,16,0,4.372303,52.002351,482,13
HLS0017,REI-D205,17,0,4.372133,52.002143,483,13
HLS0016,REI-D205,18,0,4.372437,52.001552,484,21
HLS0272,REI-D301,1,0,4.204602,52.044759,485,35
HLS0268,REI-D301,2,0,4.198669,52.04256,486,21
HLS0270,REI-D301,3,0,4.190327,52.038898,487,13
HLS0271,REI-D301,4,0,4.190618,52.03891,488,13
HLS0279,REI-D301,5,0,4.180531,52.032425,489,13
HLS0278,REI-D301,6,0,4.180218,52.032161,490,13
HLS0277,REI-D301,7,0,4.184529,52.023558,491,13
HLS0276,REI-D301,8,0,4.184063,52.02411,492,13
HLS0422,REI-D301,9,0,4.179956,52.028895,493,13
HLS0423,REI-D301,10,0,4.180755,52.028427,494,13
HLS0264,REI-D301,11,0,4.177758,52.02934,495,13
HLS0274,REI-D301,12,0,4.173231,52.026471,496,13
HLS0263,REI-D301,13,0,4.170375,52.023241,497,13
HLS0267,REI-D301,14,0,4.167514,52.021279,498,13
HLS0228,REI-D301,15,0,4.167944,52.00709,499,13
HLS0222,REI-D301,16,0,4.170661,52.001976,500,13
HLS0232,REI-D301,17,0,4.164353,52.000419,501,13
HLS0233,REI-D301,18,0,4.160197,51.999548,502,13
HLS0237,REI-D301,19,0,4.157834,52.001825,503,21
HLS0234,REI-D301,20,0,4.160418,51.99947,504,13
HLS0232,REI-D301,21,0,4.164353,52.000419,505,13
HLS0223,REI-D301,22,0,4.170941,52.001853,506,13
HLS0229,REI-D301,23,0,4.169036,52.00604,507,13
HLS0244,REI-D302,1,0,4.261825,52.019045,508,21
HLS0245,REI-D302,2,0,4.254182,52.014756,509,13
HLS0246,REI-D302,3,0,4.254327,52.014803,510,13
HLS0291,REI-D302,4,0,4.218898,51.991301,511,13
HLS0292,REI-D302,5,0,4.219524,51.991307,512,13
HLS0288,REI-D302,6,0,4.202326,51.993041,513,13
HLS0290,REI-D302,7,0,4.206525,51.996148,514,13
HLS0285,REI-D302,8,0,4.21452,51.998916,515,13
HLS0243,REI-D302,9,0,4.221426,52.003281,516,13
HLS0239,REI-D302,10,0,4.223801,52.006595,517,13
HLS0241,REI-D302,11,0,4.220361,52.008943,518,13
HLS0240,REI-D302,12,0,4.220332,52.008933,519,13
HLS0238,REI-D302,13,0,4.223653,52.006144,520,13
HLS0286,REI-D302,14,0,4.214495,51.998745,521,13
HLS0281,REI-D302,15,0,4.209037,51.999203,522,13
HLS0283,REI-D302,16,0,4.206886,52.001815,523,13
HLS0284,REI-D302,17,0,4.207424,52.00129,524,13
HLS0282,REI-D302,18,0,4.209049,51.999293,525,13
HLS0289,REI-D302,19,0,4.206266,51.99602,526,13
HLS0287,REI-D302,20,0,4.20289,51.992076,527,13
HLS0294,REI-D302,21,0,4.205584,51.98875,528,13
HLS0293,REI-D302,22,0,4.206109,51.988719,529,13
HLS0227,REI-D303,1,0,4.169648,51.993139,530,13
HLS0225,REI-D303,2,0,4.173184,51.997544,531,13
HLS0224,REI-D303,3,0,4.172801,51.997153,532,13
HLS0226,REI-D303,4,0,4.169892,51.993824,533,13
HLS0120,REI-D303,5,0,4.254045,51.975231,534,13
HLS0119,REI-D303,6,0,4.25415,51.975133,535,13
HLS0123,REI-D303,7,0,4.250102,51.978635,536,13
HLS0359,REI-D303,8,0,4.250625,51.978676,537,13
HLS0121,REI-D303,9,0,4.2457,51.977721,538,13
HLS0122,REI-D303,10,0,4.245231,51.977276,539,13
HLS0328,REI-D303,11,0,4.245839,51.973965,540,13
HLS0327,REI-D303,12,0,4.245703,51.974161,541,13
HLS0009,REI-D303,13,0,4.332541,51.999997,542,13
HLS0382,REI-D303,14,0,4.32994,51.999137,543,13
HLS0383,REI-D303,15,0,4.322902,51.996863,544,13
HLS0384,REI-D303,16,0,4.322805,51.996646,545,13
HLS0323,REI-D303,17,0,4.320035,52.00045,546,13
HLS0322,REI-D303,18,0,4.319988,52.000585,547,13
HLS0385,REI-D303,19,0,4.319833,52.002804,548,13
HLS0386,REI-D303,20,0,4.320165,52.00295,549,13
HLS0324,REI-D303,21,0,4.31931,52.010718,550,13
HLS0325,REI-D303,22,0,4.319169,52.010528,551,13
HLS0253,REI-D304,1,0,4.270303,51.932545,552,13
HLS0255,REI-D304,2,0,4.275285,51.93279,553,21
HLS0250,REI-D304,3,0,4.275623,51.935589,554,13
HLS0251,REI-D304,4,0,4.275786,51.935455,555,13
HLS0248,REI-D304,5,0,4.273006,51.939087,556,21
HLS0010,REI-D304,6,0,4.332602,51.99988,557,13
HLS0261,REI-D304,7,0,4.272194,51.925087,558,13
HLS0260,REI-D304,8,0,4.272119,51.92502,559,13
HLS0259,REI-D304,9,0,4.272048,51.924948,560,13
HLS0258,REI-D304,10,0,4.272159,51.925147,561,13
HLS0256,REI-D304,11,0,4.27017,51.92973,562,13
HLS0257,REI-D304,12,0,4.270272,51.929695,563,13
HLS0252,REI-D304,13,0,4.270345,51.932617,564,13
HLT9584,REI-N101,1,1,4.40108165900463,52.0717987212228,565,20
HLT9585,REI-N101,2,1,4.40093323341763,52.0720473638773,566,20
HLT9586,REI-N101,3,1,4.40541711124662,52.068787764524,567,20
HLT9587,REI-N101,4,1,4.40526871997655,52.0690364128872,568,20
HLS0387,REI-N101,5,1,4.3999,52.064527,569,13
HLT9589,REI-N101,6,1,4.40058088815038,52.0649397739547,570,13
HLT9591,REI-N101,7,1,4.39519894428563,52.0605521588915,571,35
HLT9841,REI-N101,8,1,4.38854215856082,52.0551863067368,572,35
HLT9840,REI-N101,9,1,4.38912097734583,52.0555804220712,573,20
HLS0186,REI-N101,10,1,4.389089,52.055609,574,20
HLS0173,REI-N101,11,1,4.3844,52.052728,575,20
HLT9808,REI-N101,12,1,4.38478960112798,52.0516461486911,576,20
HLT9807,REI-N101,13,1,4.38469074290434,52.051503285978,577,20
HLT9809,REI-N101,14,1,4.384869,52.050629,578,13
HLT9813,REI-N101,15,1,4.3825299978272,52.0484520886529,579,20
HLT9812,REI-N101,16,1,4.38338246287131,52.0488593534543,580,20
HLT9811,REI-N101,17,1,4.37650195880983,52.0444382948873,581,20
HLT9810,REI-N101,18,1,4.37735082015087,52.0448418700634,582,20
HLT5944,REI-N101,19,1,4.36853595493972,52.0391288704267,583,20
HLT5945,REI-N101,20,1,4.36891194296767,52.0392330598386,584,20
HLT5946,REI-N102,1,1,4.36299352100497,52.0354353322419,585,20
HLT5947,REI-N102,2,1,4.36378922482419,52.035820676143,586,20
HLS0339,REI-N102,3,1,4.387812,52.034429,587,20
HLS0338,REI-N102,4,1,4.388105,52.034351,588,13
HLT5940,REI-N102,5,1,4.36783926710515,52.0407609622897,589,35
HLT5941,REI-N102,6,1,4.36743733488465,52.0411287183752,590,21
HLT5938,REI-N102,7,1,4.3615932837446,52.0440739277502,591,20
HLT5939,REI-N102,8,1,4.36031850539207,52.044868213384,592,20
HLT5937,REI-N102,9,1,4.35233259526228,52.0482090258573,593,20
HLT5936,REI-N102,10,1,4.35280559065153,52.048052673653,594,20
HLS0168,REI-N102,11,1,4.352741,52.047906,595,20
HLT0906,REI-N102,12,1,4.28167144043432,52.0998758451442,596,13
HLT0907,REI-N102,13,1,4.28184197331151,52.0995644838139,597,13
HLT0723,REI-N102,14,1,4.27914374915143,52.1019367627641,598,13
HLT0722,REI-N102,15,1,4.27932271109937,52.1016326303442,599,13
HLT0716,REI-N102,16,1,4.27392447645498,52.1015287836448,600,20
HLT0717,REI-N102,17,1,4.27371902070202,52.1016904376426,601,20
HLT0710,REI-N102,18,1,4.270935,52.104211,602,20
HLT0711,REI-N102,19,1,4.27093,52.104436,603,13
HLT0736,REI-N102,20,1,4.271254,52.106075,604,13
HLT0701,REI-N102,21,1,4.270413,52.106426,605,20
HLT0221,REI-N103,1,1,4.29012867864292,52.1105794052888,606,20
HLT0745,REI-N103,2,1,4.2644454550736,52.0928347556753,607,13
HLT0746,REI-N103,3,1,4.27673247155075,52.1039382008905,608,20
HLT0715,REI-N103,4,1,4.27702886179348,52.1044182310727,609,20
HLT0714,REI-N103,5,1,4.2767961160547,52.104092290617,610,20
HLT0708,REI-N103,6,1,4.28437524751412,52.1102425459662,611,35
HLT0728,REI-N103,7,1,4.28898094852457,52.1075265829005,612,20
HLT0729,REI-N103,8,1,4.289415872569,52.1073999838487,613,20
HLT0303,REI-N103,9,1,4.297212,52.101751,614,20
HLT0304,REI-N103,10,1,4.297435,52.101565,615,13
HLT0602,REI-N103,11,1,4.29986355533555,52.0993685632631,616,20
HLT0601,REI-N103,12,1,4.30155820385778,52.0986016936277,617,35
HLT0505,REI-N103,13,1,4.30769222493858,52.0948443323932,618,20
HLT0506,REI-N103,14,1,4.30794017014534,52.0947297501334,619,13
HLT0513,REI-N103,15,1,4.30954656868491,52.0928694036857,620,20
HLT0514,REI-N103,16,1,4.31008613499564,52.0920374865939,621,20
HLT0519,REI-N103,17,1,4.31178690655662,52.0901285346242,622,20
HLT0520,REI-N103,18,1,4.31229599981853,52.0893832521457,623,20
HLT2309,REI-N103,19,1,4.31382369622152,52.0877102624311,624,20
HLT2310,REI-N103,20,1,4.31426498328405,52.0869547341402,625,20
HLT2811,REI-N104,1,1,4.31734915860445,52.083558073147,626,20
HLT2810,REI-N104,2,1,4.31736824984819,52.0837114593602,627,20
HLT2813,REI-N104,3,1,4.31733790239615,52.0830528043866,628,35
HLT2812,REI-N104,4,1,4.3163750332017,52.0828058564601,629,21
HLS0360,REI-N104,5,1,4.321719,52.088295,630,13
HLT0439,REI-N104,6,1,4.330236,52.092803,631,20
HLT0438,REI-N104,7,1,4.329167,52.093584,632,20
HLT2519,REI-N104,8,1,4.36288593399291,52.0945454385136,633,13
HLT2520,REI-N104,9,1,4.36279290045964,52.0951377020723,634,20
HLT2525,REI-N104,10,1,4.36803102482951,52.0909152297587,635,13
HLT2526,REI-N104,11,1,4.36879040556101,52.0910287047263,636,20
HLT2521,REI-N104,12,1,4.36506602617349,52.0920416680614,637,13
HLT2522,REI-N104,13,1,4.36573946932326,52.0918975752354,638,20
HLT2523,REI-N104,14,1,4.36562504886372,52.091810606989,639,20
HLT2524,REI-N104,15,1,4.36574202158891,52.0915680278867,640,20
HLT2518,REI-N104,16,1,4.36289367323312,52.0939925896036,641,20
HLT2517,REI-N104,17,1,4.36240190855515,52.0938976787201,642,13
HLT2516,REI-N104,18,1,4.35793909224011,52.091800926339,643,20
HLT2515,REI-N104,19,1,4.35840345485228,52.091914577573,644,13
HLT2514,REI-N104,20,1,4.35293390542202,52.0893300948049,645,20
HLT2513,REI-N104,21,1,4.35342118759189,52.0894527779183,646,20
HLT2510,REI-N104,22,1,4.34790588821244,52.086906575114,647,20
HLT2509,REI-N104,23,1,4.3483229271698,52.0869835998626,648,20
HLT2651,REI-N105,1,1,4.34291373504856,52.0846255622465,649,20
HLT2652,REI-N105,2,1,4.34268327576853,52.0843570138628,650,20
HLT2651,REI-N105,3,1,4.34291373504856,52.0846255622465,651,20
HLT2652,REI-N105,4,1,4.34268327576853,52.0843570138628,652,20
HLT2647,REI-N105,5,1,4.33814844044995,52.0838333462168,653,35
HLT2648,REI-N105,6,1,4.33918587811744,52.0839475202033,654,35
HLT2655,REI-N105,7,1,4.34239,52.081648,655,20
HLT2656,REI-N105,8,1,4.34224,52.081827,656,20
HLT2698,REI-N105,9,1,4.343995,52.079775,657,20
HLT2659,REI-N105,10,1,4.3450887520639,52.0794410241374,658,35
HLT2658,REI-N105,11,1,4.34522409173583,52.0791429870559,659,35
HLT3359,REI-N105,12,1,4.25429952598057,52.0350887372042,660,20
HLT3358,REI-N105,13,1,4.25392120665028,52.0349639608496,661,20
HLT3364,REI-N105,14,1,4.25748128377907,52.0318343850798,662,13
HLT3363,REI-N105,15,1,4.25706572185834,52.0317204523385,663,13
HLT3372,REI-N105,16,1,4.26564842466535,52.0407195469103,664,20
HLT3373,REI-N105,17,1,4.2659705862734,52.0403690003177,665,20
HLT3314,REI-N105,18,1,4.26378412929844,52.0418977585255,666,20
HLT3313,REI-N105,19,1,4.26373743228082,52.0420880389415,667,20
HLT3303,REI-N105,20,1,4.26848260954303,52.0385454073903,668,13
HLT3302,REI-N105,21,1,4.26812718957008,52.0389596616921,669,20
HLT0936,REI-N106,1,1,4.281863,52.093833,670,20
HLT0937,REI-N106,2,1,4.281185,52.093512,671,20
HLT0938,REI-N106,3,1,4.285671,52.095622,672,20
HLT0939,REI-N106,4,1,4.285295,52.095492,673,20
HLT1105,REI-N106,5,1,4.279604,52.088976,674,13
HLT1104,REI-N106,6,1,4.279698,52.088707,675,13
HLT0915,REI-N106,7,1,4.27560303701332,52.092779778757,676,20
HLT0916,REI-N106,8,1,4.27612449659464,52.0926908743348,677,13
HLT0943,REI-N106,9,1,4.272585,52.094842,678,13
HLT0944,REI-N106,10,1,4.278274,52.090842,679,13
HLT0934,REI-N106,11,1,4.27365986825458,52.0981172509537,680,20
HLT0935,REI-N106,12,1,4.27410226413704,52.0983169833286,681,13
HLT0901,REI-N106,13,1,4.27187,52.096589,682,20
HLT0902,REI-N106,14,1,4.271524,52.096414,683,20
HLT0913,REI-N106,15,1,4.271159,52.091171,684,20
HLT0914,REI-N106,16,1,4.271136,52.091485,685,20
HLT0923,REI-N106,17,1,4.272191,52.088385,686,20
HLT0924,REI-N106,18,1,4.272281,52.088323,687,20
HLT1102,REI-N106,19,1,4.27369500341085,52.0858280246506,688,20
HLT1101,REI-N106,20,1,4.27374836603618,52.0855230992057,689,20
HLT3839,REI-N107,1,1,4.32147481602882,52.0663730395546,690,35
HLT3840,REI-N107,2,1,4.32183853742751,52.0659206000349,691,35
HLT3809,REI-N107,3,1,4.32524265914755,52.0630281963993,692,35
HLT3810,REI-N107,4,1,4.32528575643065,52.0626870123569,693,35
HLT3823,REI-N107,5,1,4.32652077388306,52.0614648822821,694,21
HLT3824,REI-N107,6,1,4.32693038994864,52.0608564358272,695,21
HLT3821,REI-N107,7,1,4.32217594235125,52.0587695020662,696,20
HLT3822,REI-N107,8,1,4.32265214318721,52.0588305620621,697,20
HLT3817,REI-N107,9,1,4.31599889670209,52.0565463746996,698,20
HLT3818,REI-N107,10,1,4.31550825469012,52.0562602564394,699,20
HLT3841,REI-N107,11,1,4.311701,52.055826,700,13
HLT3842,REI-N107,12,1,4.312078,52.05592,701,13
HLT3815,REI-N107,13,1,4.33305958799996,52.059802232434,702,13
HLT3837,REI-N107,14,1,4.33455949425791,52.0602806790703,703,20
HLT3828,REI-N108,1,1,4.33275974011202,52.0619849391485,704,20
HLT3827,REI-N108,2,1,4.33216043901418,52.06283193982,705,20
HLT3813,REI-N108,3,1,4.33027223658478,52.0646290412442,706,20
HLT3814,REI-N108,4,1,4.32972266941567,52.0656724034642,707,20
HLT2601,REI-N108,5,1,4.32307144417475,52.0809833848939,708,20
HLT2602,REI-N108,6,1,4.32340118909617,52.080549461827,709,35
HLT4010,REI-N108,7,1,4.28596109888534,52.0316424774166,710,20
HLT4009,REI-N108,8,1,4.28602077631706,52.0312897728364,711,20
HLT4012,REI-N108,9,1,4.29014572974832,52.0265003664939,712,20
HLT4005,REI-N108,10,1,4.29406798240413,52.0229359150097,713,20
HLT4013,REI-N108,11,1,4.29621953295921,52.0199652764202,714,20
HLT6022,REI-N108,12,1,4.28964684804139,52.017251181669,715,13
HLT6019,REI-N108,13,1,4.2897112443319,52.0172200280674,716,13
HLT4014,REI-N108,14,1,4.2950268023853,52.019644995871,717,20
HLT4006,REI-N108,15,1,4.29453479238839,52.0218975389346,718,20
HLT4011,REI-N108,16,1,4.28982039964988,52.0266348634339,719,13
HLT3610,REI-N108,17,1,4.29036879326267,52.0452110950404,720,13
HLT3609,REI-N108,18,1,4.29084923299252,52.0453426202389,721,13
HLT3614,REI-N108,19,1,4.29351085667194,52.0467632262521,722,13
HLT3615,REI-N108,20,1,4.29385597877335,52.0470724294388,723,13
HLT3619,REI-N109,1,1,4.29893869670523,52.0497852930612,724,13
HLT3618,REI-N109,2,1,4.29934254326166,52.0498752887279,725,13
HLT3621,REI-N109,3,1,4.30339390109792,52.0521629642449,726,13
HLT3620,REI-N109,4,1,4.303119029258,52.0518907196246,727,13
HLT3626,REI-N109,5,1,4.3076566884411,52.0546139891587,728,20
HLT3627,REI-N109,6,1,4.30723747248177,52.054410052984,729,13
HLT3607,REI-N109,7,1,4.29902976372799,52.0554271168112,730,13
HLT3608,REI-N109,8,1,4.30040591078417,52.0558002761432,731,13
HLT3702,REI-N109,9,1,4.30702172293672,52.0593523899421,732,20
HLT3701,REI-N109,10,1,4.3056171224461,52.0584603956626,733,20
HLT3803,REI-N109,11,1,4.31359887592858,52.0628599398347,734,20
HLT3804,REI-N109,12,1,4.31359134850555,52.0632052825472,735,20
HLT3603,REI-N109,13,1,4.29208318971726,52.0529969284187,736,13
HLT3604,REI-N109,14,1,4.29133029850567,52.0526982889198,737,20
HLT3424,REI-N109,15,1,4.28273455452311,52.0480717506776,738,35
HLT3425,REI-N109,16,1,4.283525971448,52.0484351306379,739,35
HLT3419,REI-N109,17,1,4.27874724633745,52.0466957678033,740,20
HLT3420,REI-N109,18,1,4.27898245551016,52.0467214789497,741,20
HLT3426,REI-N110,1,1,4.28320930982892,52.0432076915725,742,20
HLT3427,REI-N110,2,1,4.28323497998198,52.0433324548764,743,20
HLT3418,REI-N110,3,1,4.27603769455135,52.044580386111,744,20
HLT3417,REI-N110,4,1,4.27599438015277,52.0444460432458,745,20
HLT3442,REI-N110,5,1,4.27768263924243,52.0413212582628,746,20
HLT3443,REI-N110,6,1,4.2766803436157,52.0419446233877,747,20
HLT3336,REI-N110,7,1,4.26914690343151,52.041023555465,748,13
HLT3335,REI-N110,8,1,4.26963416873171,52.041175012033,749,13
HLT3334,REI-N110,9,1,4.26740300334122,52.0399888500646,750,20
HLT3333,REI-N110,10,1,4.26631248464991,52.0395317235399,751,20
HLT3331,REI-N110,11,1,4.26196712673877,52.0371046139345,752,20
HLT3330,REI-N110,12,1,4.26093593488453,52.0366695771023,753,20
HLT3329,REI-N110,13,1,4.25799218077801,52.0350047899301,754,13
HLT3328,REI-N110,14,1,4.257033,52.034568,755,13
HLT3327,REI-N110,15,1,4.25744600027258,52.0348160890285,756,13
HLT3403,REI-N110,16,1,4.26617699594688,52.0529202544227,757,35
HLT3404,REI-N110,17,1,4.26601278824935,52.0527236326718,758,35
HLT3401,REI-N110,18,1,4.26255660294023,52.0501378329532,759,35
HLT3402,REI-N110,19,1,4.26202096190482,52.0500446242387,760,35
HLT3311,REI-N111,1,1,4.25857683441811,52.0480386005468,761,35
HLT3312,REI-N111,2,1,4.25808669773781,52.0478765954369,762,35
HLT3310,REI-N111,3,1,4.25545308741932,52.0460580252304,763,35
HLT3309,REI-N111,4,1,4.2549644410696,52.0458960211795,764,20
HLT3306,REI-N111,5,1,4.24939624277494,52.0423708252707,765,20
HLT3305,REI-N111,6,1,4.24989225427237,52.0425275307326,766,35
HLT3350,REI-N111,7,1,4.24553399940945,52.0396574341117,767,35
HLT1601,REI-N111,8,1,4.23575296409578,52.0488576045957,768,13
HLT1602,REI-N111,9,1,4.2368439821042,52.0490084966219,769,13
HLT1607,REI-N111,10,1,4.23628378233782,52.0489009473109,770,13
HLT1606,REI-N111,11,1,4.23631434823904,52.0488599187006,771,13
HLT1712,REI-N111,12,1,4.23838392748088,52.050754794459,772,35
HLT1708,REI-N111,13,1,4.23928416700908,52.0540831731226,773,35
HLT1818,REI-N111,14,1,4.23313537377233,52.0545372303567,774,20
HLT1805,REI-N111,15,1,4.22800833751241,52.0571403886835,775,20
HLT1806,REI-N111,16,1,4.22783969024404,52.0574587330576,776,20
HLT1710,REI-N112,1,1,4.24185053033057,52.0553315532249,777,20
HLT1709,REI-N112,2,1,4.24148559810765,52.05529024944,778,20
HLT1810,REI-N112,3,1,4.2456756492149,52.0565714122458,779,20
HLT1811,REI-N112,4,1,4.24689393187354,52.0568295122685,780,20
HLT1824,REI-N112,5,1,4.24566591148049,52.0566195539631,781,20
HLT1218,REI-N112,6,1,4.26182069866891,52.0732024711428,782,35
HLT1217,REI-N112,7,1,4.26137550602631,52.0731559690043,783,35
HLT1213,REI-N112,8,1,4.2570446250078,52.071423691742,784,35
HLT1214,REI-N112,9,1,4.2556172967802,52.0709929044583,785,35
HLT1903,REI-N112,10,1,4.25179505688689,52.0694082390614,786,35
HLT1904,REI-N112,11,1,4.25126629398199,52.0693231394355,787,21
HLT1428,REI-N112,12,1,4.24575758939678,52.0678802003115,788,20
HLT1420,REI-N112,13,1,4.2453926446036,52.0671494642636,789,35
HLT1419,REI-N112,14,1,4.24618517285835,52.0672991695512,790,35
HLT1424,REI-N113,1,1,4.23984106101593,52.0654056006305,791,35
HLT1423,REI-N113,2,1,4.23941253233791,52.0652818726605,792,20
HLT1415,REI-N113,3,1,4.23448954184176,52.0638378135759,793,20
HLT1416,REI-N113,4,1,4.23484527974758,52.0639554540524,794,35
HLT1802,REI-N113,5,1,4.23126174059838,52.0627787434137,795,20
HLT1801,REI-N113,6,1,4.23087420092301,52.0626508919001,796,35
HLT1802,REI-N113,7,1,4.23126174059838,52.0627787434137,797,20
HLT1813,REI-N113,8,1,4.23176702229733,52.0607189551488,798,35
HLT1812,REI-N113,9,1,4.23259161699908,52.0587719603277,799,20
HLT1919,REI-N113,10,1,4.25422616432674,52.0601488670921,800,20
HLT1920,REI-N113,11,1,4.25530482330714,52.0605709302396,801,20
HLT1922,REI-N113,12,1,4.26042757667489,52.0629544641501,802,20
HLT1921,REI-N113,13,1,4.26001262153009,52.062878375424,803,20
HLT3204,REI-N113,14,1,4.262694,52.063926,804,20
HLT3203,REI-N113,15,1,4.262493,52.063816,805,20
HLT3205,REI-N113,16,1,4.26645978342402,52.0653841825349,806,20
HLT3206,REI-N113,17,1,4.26657567880845,52.0655318034206,807,20
HLT1915,REI-N113,18,1,4.25825312305633,52.0671326073238,808,20
HLT3101,REI-N113,19,1,4.2706841576903,52.0668751045654,809,13
HLT3102,REI-N114,1,1,4.27110847914211,52.0668791265886,810,20
HLT3103,REI-N114,2,1,4.27557705566824,52.0684153304045,811,13
HLT3104,REI-N114,3,1,4.27713687133664,52.0688012799954,812,13
HLT3107,REI-N114,4,1,4.279025,52.069348,813,20
HLT3108,REI-N114,5,1,4.280257,52.069656,814,20
HLT3130,REI-N114,6,1,4.28179772460977,52.066703983707,815,35
HLT3129,REI-N114,7,1,4.28208906021847,52.0669548087595,816,35
HLT3115,REI-N114,8,1,4.28474420965065,52.0665716005259,817,20
HLT3116,REI-N114,9,1,4.28503560811391,52.0667612947791,818,20
HLT3008,REI-N114,10,1,4.29019221560805,52.0686296663827,819,13
HLT3005,REI-N114,11,1,4.2897529881172,52.0686974850528,820,13
HLT3006,REI-N114,12,1,4.2894514356678,52.0689202936046,821,13
HLT3007,REI-N114,13,1,4.28959400843595,52.0684595984931,822,20
HLT3002,REI-N114,14,1,4.28518198439579,52.0706476241326,823,13
HLT3001,REI-N114,15,1,4.28463659200617,52.0710569018683,824,20
HLT2003,REI-N115,1,1,4.26668548476375,52.0750070655983,825,20
HLT2004,REI-N115,2,1,4.26757600141466,52.0752132876932,826,35
HLT2006,REI-N115,3,1,4.27066108260943,52.0763904431864,827,20
HLT2005,REI-N115,4,1,4.27092313490338,52.0764702306618,828,20
HLT2010,REI-N115,5,1,4.27613103201089,52.0784098138186,829,35
HLT2011,REI-N115,6,1,4.27653143510404,52.078441455012,830,35
HLT1120,REI-N115,7,1,4.28318244828922,52.0805678014127,831,20
HLT1119,REI-N115,8,1,4.28261549687307,52.0805445091893,832,20
HLT2202,REI-N115,9,1,4.28693708522128,52.0823717815948,833,13
HLT2201,REI-N115,10,1,4.28716799702299,52.0821071511064,834,13
HLT1116,REI-N115,11,1,4.28283793364544,52.0855730947396,835,20
HLT1114,REI-N115,12,1,4.28264124444967,52.0857117021584,836,20
HLT1115,REI-N115,13,1,4.28377165350299,52.084434286576,837,13
HLT1109,REI-N115,14,1,4.27752690971781,52.0824184882824,838,20
HLT1108,REI-N115,15,1,4.27692826835316,52.0825539735308,839,13
HLT2101,REI-N115,16,1,4.28407568359948,52.0806121239228,840,13
HLT2102,REI-N115,17,1,4.28436095881858,52.0803302693843,841,13
HLT1121,REI-N115,18,1,4.28832059691848,52.081223995714,842,20
HLT1122,REI-N115,19,1,4.28807976950059,52.0815426573226,843,20
HLT2106,REI-N116,1,1,4.28685620237912,52.0786641915949,844,20
HLT2105,REI-N116,2,1,4.28641744362911,52.0788272838902,845,20
HLT2212,REI-N116,3,1,4.2924911020294,52.0783438996098,846,35
HLT2213,REI-N116,4,1,4.29268462668115,52.0780562953435,847,35
HLT2211,REI-N116,5,1,4.29211179134234,52.0838659045251,848,13
HLT2210,REI-N116,6,1,4.2917259399045,52.0836775371527,849,13
HLT2216,REI-N116,7,1,4.29724682595469,52.0805205815206,850,20
HLT2217,REI-N116,8,1,4.29764073322872,52.0804108177031,851,13
HLT2801,REI-N116,9,1,4.3037775928451,52.0787161138995,852,20
HLT2802,REI-N116,10,1,4.30428214908008,52.0785607423589,853,20
HLT2806,REI-N116,11,1,4.31099344641348,52.0805263659409,854,13
HLT2805,REI-N116,12,1,4.31052120390659,52.0804469286304,855,20
HLT2804,REI-N116,13,1,4.30965005172926,52.0803314263647,856,20
HLT2803,REI-N116,14,1,4.30911230166878,52.0810076738751,857,20
HLT2306,REI-N116,15,1,4.30487953968572,52.0881653341001,858,13
HLT2305,REI-N116,16,1,4.30603573940636,52.0851616668743,859,20
HLT2308,REI-N116,17,1,4.30615973125419,52.0848647684912,860,20
HLT2301,REI-N116,18,1,4.30368833598604,52.0872714758825,861,35
HLT2302,REI-N116,19,1,4.30369781268314,52.0874502735936,862,20
HLT0921,REI-N117,1,1,4.285975,52.096308,863,13
HLT0922,REI-N117,2,1,4.28617,52.096103,864,13
HLT1001,REI-N117,3,1,4.29007124343349,52.0929055257897,865,13
HLT1002,REI-N117,4,1,4.28989421626714,52.0932109006282,866,13
HLT0508,REI-N117,5,1,4.298133,52.087288,867,13
HLT0509,REI-N117,6,1,4.29901,52.087251,868,13
HLT0507,REI-N117,7,1,4.297872,52.08725,869,20
HLT2832,REI-N117,8,1,4.31451922044626,52.0778168554711,870,35
HLT2833,REI-N117,9,1,4.31391700558511,52.0783222818193,871,21
HLT2851,REI-N117,10,1,4.31942599757744,52.0751942881006,872,21
HLT2919,REI-N117,11,1,4.30086783315109,52.0633487916112,873,35
HLT2932,REI-N117,12,1,4.29803447053404,52.0661873862651,874,35
HLT2931,REI-N117,13,1,4.29785211885518,52.0665479872153,875,35
HLT2932,REI-N117,14,1,4.29803447053404,52.0661873862651,876,20
HLT2911,REI-N117,15,1,4.2978166457898,52.0669871709204,877,20
HLT2912,REI-N117,16,1,4.29813618717973,52.0671015869102,878,20
HLT2908,REI-N117,17,1,4.29589548751943,52.0680768036764,879,35
HLT2935,REI-N118,1,1,4.29411872081483,52.0685061712753,880,20
HLT2934,REI-N118,2,1,4.294348900516,52.0696516803254,881,13
HLT2822,REI-N118,3,1,4.29962456273991,52.0726116890562,882,35
HLT2820,REI-N118,4,1,4.29920311596587,52.0732866648799,883,35
HLT2821,REI-N118,5,1,4.30313565251386,52.0735136267444,884,20
HLT2875,REI-N118,6,1,4.30385727528728,52.0735100182807,885,20
HLT2824,REI-N118,7,1,4.30357370717929,52.0736092257748,886,35
HLT2823,REI-N118,8,1,4.30461894534549,52.0738405531036,887,35
HLT2818,REI-N118,9,1,4.30943079705871,52.0781938015112,888,13
HLT2819,REI-N118,10,1,4.30880789899222,52.0778470978756,889,13
HLT2828,REI-N118,11,1,4.30742433823409,52.0750057343175,890,35
HLT2826,REI-N118,12,1,4.30533818485168,52.073735331654,891,20
HLT2825,REI-N118,13,1,4.30580331593658,52.0730302725327,892,13
HLT2917,REI-N118,14,1,4.30732470016771,52.0703067384793,893,20
HLT2918,REI-N118,15,1,4.30696997485257,52.0702800558138,894,20
HLT2916,REI-N118,16,1,4.30250206144108,52.0687964216708,895,13
HLT2915,REI-N118,17,1,4.30293087196675,52.0688248192272,896,13
HLT3213,REI-N119,1,1,4.27025394396136,52.0620242486526,897,35
HLT3214,REI-N119,2,1,4.27075592073027,52.0621872123039,898,35
HLT3109,REI-N119,3,1,4.27735565499042,52.064685567035,899,35
HLT3110,REI-N119,4,1,4.27679163721481,52.0646110365272,900,35
HLT3003,REI-N119,5,1,4.28528489466203,52.0709703839137,901,35
HLT3004,REI-N119,6,1,4.28629579374744,52.071145230252,902,35
HLT2902,REI-N119,7,1,4.29163895337862,52.0730381923441,903,13
HLT2901,REI-N119,8,1,4.29165485674974,52.0732868854276,904,20
HLT2904,REI-N119,9,1,4.29336264519704,52.0731220821988,905,35
HLT2903,REI-N119,10,1,4.29233610024431,52.0729876009843,906,35
HLT2712,REI-N120,1,1,4.32826349303679,52.0754389175972,907,20
HLT2711,REI-N120,2,1,4.32811077721346,52.0751539685896,908,20
HLS0201,REI-N120,3,1,4.326885,52.083326,909,13
HLS0200,REI-N120,4,1,4.328519,52.082702,910,13
HLT2872,REI-N120,5,1,4.32403155918895,52.0793821712023,911,65
HLT2871,REI-N120,6,1,4.32325560403187,52.0791908978823,912,21
HLT2928,REI-N120,7,1,4.31475339727651,52.0659175674772,913,35
HLT2927,REI-N120,8,1,4.31493321099476,52.0662067081426,914,35
HLT2924,REI-N120,9,1,4.30938797801223,52.061490925532,915,20
HLT2921,REI-N120,10,1,4.3083905418252,52.0614889846544,916,21
HLT2922,REI-N120,11,1,4.30929550468393,52.0615763714944,917,50
HLT2706,REI-N120,12,1,4.32437,52.071887,918,35
HLT2710,REI-N121,1,1,4.32539118864927,52.0708566604853,919,13
HLT2709,REI-N121,2,1,4.32650293078902,52.0695560304559,920,13
HLT3847,REI-N121,3,1,4.3226077914308,52.068526848567,921,20
HLT3846,REI-N121,4,1,4.32281645693872,52.0687325197534,922,13
HLT2708,REI-N121,5,1,4.3250757524626,52.0731929598394,923,20
HLT2707,REI-N121,6,1,4.32451133450616,52.0732546151941,924,20
HLT2715,REI-N121,7,1,4.3233640371818,52.0724853827767,925,20
HLT2705,REI-N121,8,1,4.324626,52.071548,926,13
HLT2706,REI-N121,9,1,4.32437,52.071887,927,20
HLT2604,REI-N121,10,1,4.32328502360524,52.0805050567251,928,20
HLT2862,REI-N121,11,1,4.31677521758497,52.0780949005159,929,20
HLT2863,REI-N121,12,1,4.31599193216493,52.0779682309886,930,13
HLT3801,REI-N122,1,1,4.32774757388169,52.06822467169,931,13
HLT3802,REI-N122,2,1,4.32794628056496,52.0679019649761,932,20
HLT0311,REI-N122,3,1,4.30126124557253,52.1003604130588,933,20
HLT0312,REI-N122,4,1,4.30148787975103,52.1007369246396,934,20
HLT0305,REI-N122,5,1,4.30097423457466,52.1027728036548,935,13
HLT0306,REI-N122,6,1,4.30138202257336,52.1031613720894,936,13
HLT0227,REI-N122,7,1,4.30066410479831,52.1072844019843,937,20
HLT0228,REI-N122,8,1,4.30122502827883,52.1067879367038,938,20
HLT0703,REI-N122,9,1,4.2771075162535,52.1079951946561,939,20
HLT0702,REI-N122,10,1,4.27720791645998,52.107691316095,940,13
HLT0707,REI-N122,11,1,4.28101729092274,52.111205161409,941,20
HLT0706,REI-N122,12,1,4.28074796560509,52.1111752787205,942,20
HLT0749,REI-N122,13,1,4.28052594374643,52.1110008280486,943,20
HLT0750,REI-N122,14,1,4.28083599550796,52.1110936227691,944,20
HLT0202,REI-N122,15,1,4.28362,52.113077,945,20
HLT0204,REI-N122,16,1,4.2838323827641,52.113566970972,946,20
HLT0213,REI-N122,17,1,4.28931,52.116806,947,13
HLT0212,REI-N122,18,1,4.289282,52.116761,948,13
HLT0214,REI-N122,19,1,4.289382,52.116843,949,13
HLT0215,REI-N122,20,1,4.28941,52.116897,950,13
HLT0216,REI-N122,21,1,4.289453,52.116942,951,13
HLT0203,REI-N122,22,1,4.288501,52.116663,952,20
HLT0207,REI-N122,23,1,4.289232,52.115844,953,13
HLT0211,REI-N122,24,1,4.288233,52.11667,954,20
HLT0801,REI-N123,1,1,4.252349,52.08771,955,20
HLT0809,REI-N123,2,1,4.252376,52.087791,956,20
HLT0802,REI-N123,3,1,4.252527,52.088161,957,13
HLT0811,REI-N123,4,1,4.25237372954615,52.0877308302979,958,20
HLT0805,REI-N123,5,1,4.255965,52.0861,959,20
HLT0806,REI-N123,6,1,4.255624,52.086294,960,13
HLT1302,REI-N123,7,1,4.2583029190032,52.0843329164547,961,20
HLT1301,REI-N123,8,1,4.25747708767903,52.0850836547605,962,13
HLT1205,REI-N123,9,1,4.26007817401344,52.0804137166609,963,20
HLT1206,REI-N123,10,1,4.26041744342401,52.0802084221086,964,20
HLT1211,REI-N123,11,1,4.26381920345304,52.0766044367726,965,20
HLT1212,REI-N123,12,1,4.26414178534703,52.0764444199528,966,20
HLT2007,REI-N123,13,1,4.27196717188878,52.0765475363912,967,20
HLT2008,REI-N123,14,1,4.27228439332052,52.0764040219867,968,20
HLT2015,REI-N123,15,1,4.27498,52.076007,969,20
HLT2016,REI-N123,16,1,4.27552,52.076012,970,20
HLT2104,REI-N123,17,1,4.28003852588757,52.0754371575503,971,20
HLT2103,REI-N123,18,1,4.27994465741407,52.0756933546766,972,20
HLT2107,REI-N123,19,1,4.28141979160522,52.0739696784526,973,13
HLT2108,REI-N123,20,1,4.28171420219583,52.0734483970242,974,20
HLT9115,REI-N201,1,1,4.3503384386654,51.9807166048806,975,13
HLT9117,REI-N201,2,1,4.34984114131405,51.9807282029349,976,13
HLS0011,REI-N201,3,1,4.350254,51.980909,977,13
HLT9114,REI-N201,4,1,4.34172475095003,51.9812835003891,978,13
HLT9113,REI-N201,5,1,4.34185550161043,51.9805589184495,979,13
HLT9112,REI-N201,6,1,4.34386984598392,51.9844555740439,980,13
HLT9111,REI-N201,7,1,4.34340908642432,51.984492451082,981,13
HLT9110,REI-N201,8,1,4.3445546140956,51.9904382380822,982,13
HLT9109,REI-N201,9,1,4.34440678289589,51.989599417029,983,13
HLT9108,REI-N201,10,1,4.34451576358489,51.9950159296487,984,13
HLT9107,REI-N201,11,1,4.34438170807049,51.9951163875405,985,13
HLT9136,REI-N201,12,1,4.34964855010991,51.9963181966809,986,13
HLT9137,REI-N201,13,1,4.35095978841503,51.9964440182983,987,13
HLT9104,REI-N201,14,1,4.35476511156093,51.9992922928571,988,13
HLT9103,REI-N201,15,1,4.35471495962988,51.9988797312424,989,13
HLS0388,REI-N201,16,1,4.354358,52.002464,990,13
HLS0389,REI-N201,17,1,4.353549,52.002179,991,21
HLS0055,REI-N202,1,1,4.356705,51.992229,992,13
HLS0390,REI-N202,2,1,4.356705,51.992229,993,13
HLS0116,REI-N202,3,1,4.364431,52.008413,994,13
HLS0117,REI-N202,4,1,4.363506,52.008108,995,13
HLT9017,REI-N202,5,1,4.35748072231318,52.0073405197168,996,13
HLT9018,REI-N202,6,1,4.35704690017701,52.0080730919735,997,21
HLT9010,REI-N202,7,1,4.35338660514552,52.0120082910084,998,13
HLT9009,REI-N202,8,1,4.35348555332166,52.0117399481645,999,13
HLT9005,REI-N202,9,1,4.35228215083707,52.0172184527924,1000,13
HLT9006,REI-N202,10,1,4.35269675363325,52.0174807751163,1001,13
HLT9003,REI-N202,11,1,4.35150469184953,52.0237858746867,1002,13
HLT9004,REI-N202,12,1,4.35152274890028,52.0239712641758,1003,13
