ID_MAXIMO,Route,Order,Night_shift,longitude,latitude,ID,Service_time
Depot,NA,NA,100,4.34894911389561,52.0653854823115,0,0.0
HLT3837,1,1,1,4.33455949425791,52.0602806790703,703,20.0
HLT3827,1,2,1,4.33216043901418,52.06283193982,705,20.0
HLT3814,1,3,1,4.32972266941567,52.0656724034642,707,20.0
HLT3801,1,4,1,4.32774757388169,52.06822467169,931,13.0
HLT3802,1,5,1,4.32794628056496,52.0679019649761,932,20.0
HLT2602,1,6,1,4.32340118909617,52.080549461827,709,35.0
HLT2601,1,7,1,4.32307144417475,52.0809833848939,708,20.0
HLT0514,1,8,1,4.31008613499564,52.0920374865939,621,20.0
HLT0519,1,9,1,4.31178690655662,52.0901285346242,622,20.0
HLT0513,1,10,1,4.30954656868491,52.0928694036857,620,20.0
HLT0506,1,11,1,4.30794017014534,52.0947297501334,619,13.0
HLT0505,1,12,1,4.30769222493858,52.0948443323932,618,20.0
HLT0601,1,13,1,4.30155820385778,52.0986016936277,617,35.0
HLT0602,1,14,1,4.29986355533555,52.0993685632631,616,20.0
HLT0938,1,15,1,4.285671,52.095622,672,20.0
HLT0939,1,16,1,4.285295,52.095492,673,20.0
HLT0745,1,17,1,4.2644454550736,52.0928347556753,607,13.0
HLT3822,1,18,1,4.32265214318721,52.0588305620621,697,20.0
HLT2659,2,1,1,4.3450887520639,52.0794410241374,658,35.0
HLT2656,2,2,1,4.34224,52.081827,656,20.0
HLT2655,2,3,1,4.34239,52.081648,655,20.0
HLT2658,2,4,1,4.34522409173583,52.0791429870559,659,35.0
HLT0701,2,5,1,4.270413,52.106426,605,20.0
HLT0902,2,6,1,4.271524,52.096414,683,20.0
HLT0913,2,7,1,4.271159,52.091171,684,20.0
HLT1101,2,8,1,4.27374836603618,52.0855230992057,689,20.0
HLT1108,2,9,1,4.27692826835316,52.0825539735308,839,13.0
HLT1102,2,10,1,4.27369500341085,52.0858280246506,688,20.0
HLT0924,2,11,1,4.272281,52.088323,687,20.0
HLT0923,2,12,1,4.272191,52.088385,686,20.0
HLT0914,2,13,1,4.271136,52.091485,685,20.0
HLT0915,2,14,1,4.27560303701332,52.092779778757,676,20.0
HLT0944,2,15,1,4.278274,52.090842,679,13.0
HLT1104,2,16,1,4.279698,52.088707,675,13.0
HLT2813,2,17,1,4.31733790239615,52.0830528043866,628,35.0
HLT2872,3,1,1,4.32403155918895,52.0793821712023,911,65.0
HLT2712,3,2,1,4.32826349303679,52.0754389175972,907,20.0
HLT2711,3,3,1,4.32811077721346,52.0751539685896,908,20.0
HLT3840,3,4,1,4.32183853742751,52.0659206000349,691,35.0
HLT3804,3,5,1,4.31359134850555,52.0632052825472,735,20.0
HLT2928,3,6,1,4.31475339727651,52.0659175674772,913,35.0
HLT2927,3,7,1,4.31493321099476,52.0662067081426,914,35.0
HLT3702,3,8,1,4.30702172293672,52.0593523899421,732,20.0
HLT2921,3,9,1,4.3083905418252,52.0614889846544,916,21.0
HLT3701,3,10,1,4.3056171224461,52.0584603956626,733,20.0
HLT3336,3,11,1,4.26914690343151,52.041023555465,748,13.0
HLT3334,3,12,1,4.26740300334122,52.0399888500646,750,20.0
HLS0259,3,13,1,4.272048,51.924948,560,13.0
HLS0260,3,14,1,4.272119,51.92502,559,13.0
HLT2706,4,1,1,4.32437,52.071887,918,35.0
HLT2708,4,2,1,4.3250757524626,52.0731929598394,923,20.0
HLT2707,4,3,1,4.32451133450616,52.0732546151941,924,20.0
HLT2715,4,4,1,4.3233640371818,52.0724853827767,925,20.0
HLT3813,4,5,1,4.33027223658478,52.0646290412442,706,20.0
HLT3828,4,6,1,4.33275974011202,52.0619849391485,704,20.0
HLT3815,4,7,1,4.33305958799996,52.059802232434,702,13.0
HLT3823,4,8,1,4.32652077388306,52.0614648822821,694,21.0
HLT3809,4,9,1,4.32524265914755,52.0630281963993,692,35.0
HLT3810,4,10,1,4.32528575643065,52.0626870123569,693,35.0
HLT3824,4,11,1,4.32693038994864,52.0608564358272,695,21.0
HLT3821,4,12,1,4.32217594235125,52.0587695020662,696,20.0
HLT3419,4,13,1,4.27874724633745,52.0466957678033,740,20.0
HLT3418,4,14,1,4.27603769455135,52.044580386111,744,20.0
HLT3333,4,15,1,4.26631248464991,52.0395317235399,751,20.0
HLT3327,4,16,1,4.25744600027258,52.0348160890285,756,13.0
HLT3363,4,17,1,4.25706572185834,52.0317204523385,663,13.0
HLS0168,5,1,1,4.352741,52.047906,595,20.0
HLT5939,5,2,1,4.36031850539207,52.044868213384,592,20.0
HLT5937,5,3,1,4.35233259526228,52.0482090258573,593,20.0
HLT5936,5,4,1,4.35280559065153,52.048052673653,594,20.0
HLT5938,5,5,1,4.3615932837446,52.0440739277502,591,20.0
HLT5940,5,6,1,4.36783926710515,52.0407609622897,589,35.0
HLT5944,5,7,1,4.36853595493972,52.0391288704267,583,20.0
HLT5945,5,8,1,4.36891194296767,52.0392330598386,584,20.0
HLT5946,5,9,1,4.36299352100497,52.0354353322419,585,20.0
HLT5947,5,10,1,4.36378922482419,52.035820676143,586,20.0
HLT5941,5,11,1,4.36743733488465,52.0411287183752,590,21.0
HLT9810,5,12,1,4.37735082015087,52.0448418700634,582,20.0
HLT9811,5,13,1,4.37650195880983,52.0444382948873,581,20.0
HLT9812,5,14,1,4.38338246287131,52.0488593534543,580,20.0
HLT9813,5,15,1,4.3825299978272,52.0484520886529,579,20.0
HLT9808,5,16,1,4.38478960112798,52.0516461486911,576,20.0
HLS0173,5,17,1,4.3844,52.052728,575,20.0
HLS0186,5,18,1,4.389089,52.055609,574,20.0
HLT9585,6,1,1,4.40093323341763,52.0720473638773,566,20.0
HLT9584,6,2,1,4.40108165900463,52.0717987212228,565,20.0
HLT9587,6,3,1,4.40526871997655,52.0690364128872,568,20.0
HLT9586,6,4,1,4.40541711124662,52.068787764524,567,20.0
HLT9589,6,5,1,4.40058088815038,52.0649397739547,570,13.0
HLS0387,6,6,1,4.3999,52.064527,569,13.0
HLT9591,6,7,1,4.39519894428563,52.0605521588915,571,35.0
HLT9841,6,8,1,4.38854215856082,52.0551863067368,572,35.0
HLT9840,6,9,1,4.38912097734583,52.0555804220712,573,20.0
HLT9807,6,10,1,4.38469074290434,52.051503285978,577,20.0
HLT9809,6,11,1,4.384869,52.050629,578,13.0
HLS0339,6,12,1,4.387812,52.034429,587,20.0
HLS0338,6,13,1,4.388105,52.034351,588,13.0
HLT9003,6,14,1,4.35150469184953,52.0237858746867,1002,13.0
HLT9004,6,15,1,4.35152274890028,52.0239712641758,1003,13.0
HLT2823,6,16,1,4.30461894534549,52.0738405531036,887,35.0
HLT2826,6,17,1,4.30533818485168,52.073735331654,891,20.0
HLT2917,6,18,1,4.30732470016771,52.0703067384793,893,20.0
HLT0439,7,2,1,4.330236,52.092803,631,20.0
HLT0438,7,3,1,4.329167,52.093584,632,20.0
HLT2310,7,4,1,4.31426498328405,52.0869547341402,625,20.0
HLT2810,7,5,1,4.31736824984819,52.0837114593602,627,20.0
HLT2811,7,6,1,4.31734915860445,52.083558073147,626,20.0
HLT2863,7,7,1,4.31599193216493,52.0779682309886,930,13.0
HLT2832,7,8,1,4.31451922044626,52.0778168554711,870,35.0
HLT2833,7,9,1,4.31391700558511,52.0783222818193,871,21.0
HLT2862,7,10,1,4.31677521758497,52.0780949005159,929,20.0
HLT0520,7,11,1,4.31229599981853,52.0893832521457,623,20.0
HLT2309,7,12,1,4.31382369622152,52.0877102624311,624,20.0
HLT2305,7,13,1,4.30603573940636,52.0851616668743,859,20.0
HLT2302,7,14,1,4.30369781268314,52.0874502735936,862,20.0
HLT2306,7,15,1,4.30487953968572,52.0881653341001,858,13.0
HLT2301,7,16,1,4.30368833598604,52.0872714758825,861,35.0
HLT2308,7,17,1,4.30615973125419,52.0848647684912,860,20.0
HLS0360,7,18,1,4.321719,52.088295,630,13.0
HLT2698,7,19,1,4.343995,52.079775,657,20.0
HLT3817,8,1,1,4.31599889670209,52.0565463746996,698,20.0
HLT3842,8,2,1,4.312078,52.05592,701,13.0
HLT3841,8,3,1,4.311701,52.055826,700,13.0
HLT3818,8,4,1,4.31550825469012,52.0562602564394,699,20.0
HLT3607,8,5,1,4.29902976372799,52.0554271168112,730,13.0
HLT3603,8,6,1,4.29208318971726,52.0529969284187,736,13.0
HLT3604,8,7,1,4.29133029850567,52.0526982889198,737,20.0
HLT3608,8,8,1,4.30040591078417,52.0558002761432,731,13.0
HLT3627,8,9,1,4.30723747248177,52.054410052984,729,13.0
HLT3626,8,10,1,4.3076566884411,52.0546139891587,728,20.0
HLT3620,8,11,1,4.303119029258,52.0518907196246,727,13.0
HLT3621,8,12,1,4.30339390109792,52.0521629642449,726,13.0
HLT3425,8,13,1,4.283525971448,52.0484351306379,739,35.0
HLT3424,8,14,1,4.28273455452311,52.0480717506776,738,35.0
HLT3420,8,15,1,4.27898245551016,52.0467214789497,741,20.0
HLT3331,8,16,1,4.26196712673877,52.0371046139345,752,20.0
HLT3330,8,17,1,4.26093593488453,52.0366695771023,753,20.0
HLT3359,8,18,1,4.25429952598057,52.0350887372042,660,20.0
HLT6019,8,19,1,4.2897112443319,52.0172200280674,716,13.0
HLT6022,8,20,1,4.28964684804139,52.017251181669,715,13.0
HLT2523,9,1,1,4.36562504886372,52.091810606989,639,20.0
HLT2522,9,2,1,4.36573946932326,52.0918975752354,638,20.0
HLT2520,9,3,1,4.36279290045964,52.0951377020723,634,20.0
HLT2519,9,4,1,4.36288593399291,52.0945454385136,633,13.0
HLT2518,9,5,1,4.36289367323312,52.0939925896036,641,20.0
HLT2521,9,6,1,4.36506602617349,52.0920416680614,637,13.0
HLT2524,9,7,1,4.36574202158891,52.0915680278867,640,20.0
HLT2525,9,8,1,4.36803102482951,52.0909152297587,635,13.0
HLT2526,9,9,1,4.36879040556101,52.0910287047263,636,20.0
HLT2516,9,10,1,4.35793909224011,52.091800926339,643,20.0
HLT2812,9,11,1,4.3163750332017,52.0828058564601,629,21.0
HLT2805,9,12,1,4.31052120390659,52.0804469286304,855,20.0
HLT2803,9,13,1,4.30911230166878,52.0810076738751,857,20.0
HLT2006,9,14,1,4.27066108260943,52.0763904431864,827,20.0
HLT2003,9,15,1,4.26668548476375,52.0750070655983,825,20.0
HLT2004,9,16,1,4.26757600141466,52.0752132876932,826,35.0
HLT2005,9,17,1,4.27092313490338,52.0764702306618,828,20.0
HLT2804,9,18,1,4.30965005172926,52.0803314263647,856,20.0
HLT2806,9,19,1,4.31099344641348,52.0805263659409,854,13.0
HLT2825,10,1,1,4.30580331593658,52.0730302725327,892,13.0
HLT2818,10,2,1,4.30943079705871,52.0781938015112,888,13.0
HLT2819,10,3,1,4.30880789899222,52.0778470978756,889,13.0
HLT2802,10,4,1,4.30428214908008,52.0785607423589,853,20.0
HLT2801,10,5,1,4.3037775928451,52.0787161138995,852,20.0
HLT2106,10,6,1,4.28685620237912,52.0786641915949,844,20.0
HLT2211,10,7,1,4.29211179134234,52.0838659045251,848,13.0
HLT2210,10,8,1,4.2917259399045,52.0836775371527,849,13.0
HLT1115,10,9,1,4.28377165350299,52.084434286576,837,13.0
HLT1116,10,10,1,4.28283793364544,52.0855730947396,835,20.0
HLT1114,10,11,1,4.28264124444967,52.0857117021584,836,20.0
HLT1105,10,12,1,4.279604,52.088976,674,13.0
HLT0916,10,13,1,4.27612449659464,52.0926908743348,677,13.0
HLT0943,10,14,1,4.272585,52.094842,678,13.0
HLT0901,10,15,1,4.27187,52.096589,682,20.0
HLT0934,10,16,1,4.27365986825458,52.0981172509537,680,20.0
HLT0935,10,17,1,4.27410226413704,52.0983169833286,681,13.0
HLT0716,10,18,1,4.27392447645498,52.1015287836448,600,20.0
HLT0717,10,19,1,4.27371902070202,52.1016904376426,601,20.0
HLT0710,10,20,1,4.270935,52.104211,602,20.0
HLT0711,10,21,1,4.27093,52.104436,603,13.0
HLT0736,10,22,1,4.271254,52.106075,604,13.0
HLT0907,10,23,1,4.28184197331151,52.0995644838139,597,13.0
HLT2931,11,1,1,4.29785211885518,52.0665479872153,875,35.0
HLT2932,11,2,1,4.29803447053404,52.0661873862651,874,35.0
HLT2932,11,3,1,4.29803447053404,52.0661873862651,876,20.0
HLT2919,11,4,1,4.30086783315109,52.0633487916112,873,35.0
HLT3618,11,5,1,4.29934254326166,52.0498752887279,725,13.0
HLT3619,11,6,1,4.29893869670523,52.0497852930612,724,13.0
HLT3615,11,7,1,4.29385597877335,52.0470724294388,723,13.0
HLT3614,11,8,1,4.29351085667194,52.0467632262521,722,13.0
HLT3609,11,9,1,4.29084923299252,52.0453426202389,721,13.0
HLT3610,11,10,1,4.29036879326267,52.0452110950404,720,13.0
HLT3426,11,11,1,4.28320930982892,52.0432076915725,742,20.0
HLT3427,11,12,1,4.28323497998198,52.0433324548764,743,20.0
HLT3443,11,13,1,4.2766803436157,52.0419446233877,747,20.0
HLT3442,11,14,1,4.27768263924243,52.0413212582628,746,20.0
HLT3303,11,15,1,4.26848260954303,52.0385454073903,668,13.0
HLT2924,11,16,1,4.30938797801223,52.061490925532,915,20.0
HLT2922,11,17,1,4.30929550468393,52.0615763714944,917,50.0
HLT0509,12,1,1,4.29901,52.087251,868,13.0
HLT0508,12,2,1,4.298133,52.087288,867,13.0
HLT0507,12,3,1,4.297872,52.08725,869,20.0
HLT1001,12,4,1,4.29007124343349,52.0929055257897,865,13.0
HLT1002,12,5,1,4.28989421626714,52.0932109006282,866,13.0
HLT0922,12,6,1,4.28617,52.096103,864,13.0
HLT0921,12,7,1,4.285975,52.096308,863,13.0
HLT0906,12,8,1,4.28167144043432,52.0998758451442,596,13.0
HLT0722,12,9,1,4.27932271109937,52.1016326303442,599,13.0
HLT0723,12,10,1,4.27914374915143,52.1019367627641,598,13.0
HLT0746,12,11,1,4.27673247155075,52.1039382008905,608,20.0
HLT0714,12,12,1,4.2767961160547,52.104092290617,610,20.0
HLT0715,12,13,1,4.27702886179348,52.1044182310727,609,20.0
HLT0703,12,14,1,4.2771075162535,52.1079951946561,939,20.0
HLT0207,12,15,1,4.289232,52.115844,953,13.0
HLT0214,12,16,1,4.289382,52.116843,949,13.0
HLT0215,12,17,1,4.28941,52.116897,950,13.0
HLT0216,12,18,1,4.289453,52.116942,951,13.0
HLT0221,12,19,1,4.29012867864292,52.1105794052888,606,20.0
HLT0227,12,20,1,4.30066410479831,52.1072844019843,937,20.0
HLT0228,12,21,1,4.30122502827883,52.1067879367038,938,20.0
HLT0937,12,22,1,4.281185,52.093512,671,20.0
HLT0936,12,23,1,4.281863,52.093833,670,20.0
HLT2217,13,1,1,4.29764073322872,52.0804108177031,851,13.0
HLT2216,13,2,1,4.29724682595469,52.0805205815206,850,20.0
HLT2213,13,3,1,4.29268462668115,52.0780562953435,847,35.0
HLT2212,13,4,1,4.2924911020294,52.0783438996098,846,35.0
HLT1122,13,5,1,4.28807976950059,52.0815426573226,843,20.0
HLT2202,13,6,1,4.28693708522128,52.0823717815948,833,13.0
HLT2201,13,7,1,4.28716799702299,52.0821071511064,834,13.0
HLT1121,13,8,1,4.28832059691848,52.081223995714,842,20.0
HLT2105,13,9,1,4.28641744362911,52.0788272838902,845,20.0
HLT2102,13,10,1,4.28436095881858,52.0803302693843,841,13.0
HLT1119,13,11,1,4.28261549687307,52.0805445091893,832,20.0
HLT1120,13,12,1,4.28318244828922,52.0805678014127,831,20.0
HLT2101,13,13,1,4.28407568359948,52.0806121239228,840,13.0
HLT2010,13,14,1,4.27613103201089,52.0784098138186,829,35.0
HLT1904,13,15,1,4.25126629398199,52.0693231394355,787,21.0
HLT3350,13,16,1,4.24553399940945,52.0396574341117,767,35.0
HLT3358,13,17,1,4.25392120665028,52.0349639608496,661,20.0
HLT0311,14,1,1,4.30126124557253,52.1003604130588,933,20.0
HLT0312,14,2,1,4.30148787975103,52.1007369246396,934,20.0
HLT0306,14,3,1,4.30138202257336,52.1031613720894,936,13.0
HLT0305,14,4,1,4.30097423457466,52.1027728036548,935,13.0
HLT0304,14,5,1,4.297435,52.101565,615,13.0
HLT0303,14,6,1,4.297212,52.101751,614,20.0
HLT0706,14,7,1,4.28074796560509,52.1111752787205,942,20.0
HLT0749,14,8,1,4.28052594374643,52.1110008280486,943,20.0
HLT0702,14,9,1,4.27720791645998,52.107691316095,940,13.0
HLT0750,14,10,1,4.28083599550796,52.1110936227691,944,20.0
HLT0707,14,11,1,4.28101729092274,52.111205161409,941,20.0
HLT0202,14,12,1,4.28362,52.113077,945,20.0
HLT0204,14,13,1,4.2838323827641,52.113566970972,946,20.0
HLT0211,14,14,1,4.288233,52.11667,954,20.0
HLT0203,14,15,1,4.288501,52.116663,952,20.0
HLT0212,14,16,1,4.289282,52.116761,948,13.0
HLT0213,14,17,1,4.28931,52.116806,947,13.0
HLT0708,14,18,1,4.28437524751412,52.1102425459662,611,35.0
HLT0728,14,19,1,4.28898094852457,52.1075265829005,612,20.0
HLT0729,14,20,1,4.289415872569,52.1073999838487,613,20.0
HLS0248,15,2,1,4.273006,51.939087,556,21.0
HLS0255,15,3,1,4.275285,51.93279,553,21.0
HLT3364,15,4,1,4.25748128377907,52.0318343850798,662,13.0
HLT2908,15,5,1,4.29589548751943,52.0680768036764,879,35.0
HLT2935,15,6,1,4.29411872081483,52.0685061712753,880,20.0
HLT3008,15,7,1,4.29019221560805,52.0686296663827,819,13.0
HLT3006,15,8,1,4.2894514356678,52.0689202936046,821,13.0
HLT3005,15,9,1,4.2897529881172,52.0686974850528,820,13.0
HLT3007,15,10,1,4.28959400843595,52.0684595984931,822,20.0
HLT3116,15,11,1,4.28503560811391,52.0667612947791,818,20.0
HLT3129,15,12,1,4.28208906021847,52.0669548087595,816,35.0
HLT3001,15,13,1,4.28463659200617,52.0710569018683,824,20.0
HLT3004,15,14,1,4.28629579374744,52.071145230252,902,35.0
HLT2901,15,15,1,4.29165485674974,52.0732868854276,904,20.0
HLT2934,15,16,1,4.294348900516,52.0696516803254,881,13.0
HLT2911,15,17,1,4.2978166457898,52.0669871709204,877,20.0
HLT2912,15,18,1,4.29813618717973,52.0671015869102,878,20.0
HLT2875,16,1,1,4.30385727528728,52.0735100182807,885,20.0
HLT2828,16,2,1,4.30742433823409,52.0750057343175,890,35.0
HLT2824,16,3,1,4.30357370717929,52.0736092257748,886,35.0
HLT2821,16,4,1,4.30313565251386,52.0735136267444,884,20.0
HLT2820,16,5,1,4.29920311596587,52.0732866648799,883,35.0
HLT2903,16,6,1,4.29233610024431,52.0729876009843,906,35.0
HLT2902,16,7,1,4.29163895337862,52.0730381923441,903,13.0
HLT2904,16,8,1,4.29336264519704,52.0731220821988,905,35.0
HLT2822,16,9,1,4.29962456273991,52.0726116890562,882,35.0
HLT2915,16,10,1,4.30293087196675,52.0688248192272,896,13.0
HLT2918,16,11,1,4.30696997485257,52.0702800558138,894,20.0
HLT2916,16,12,1,4.30250206144108,52.0687964216708,895,13.0
HLT3417,16,13,1,4.27599438015277,52.0444460432458,745,20.0
HLT3335,16,14,1,4.26963416873171,52.041175012033,749,13.0
HLT3329,16,15,1,4.25799218077801,52.0350047899301,754,13.0
HLT3328,16,16,1,4.257033,52.034568,755,13.0
HLT2871,17,0,1,4.32325560403187,52.0791908978823,912,21.0
HLT2648,17,1,1,4.33918587811744,52.0839475202033,654,35.0
HLT2652,17,2,1,4.34268327576853,52.0843570138628,652,20.0
HLT2652,17,3,1,4.34268327576853,52.0843570138628,650,20.0
HLT2509,17,4,1,4.3483229271698,52.0869835998626,648,20.0
HLT2515,17,5,1,4.35840345485228,52.091914577573,644,13.0
HLT2517,17,6,1,4.36240190855515,52.0938976787201,642,13.0
HLT2510,17,7,1,4.34790588821244,52.086906575114,647,20.0
HLT2513,17,8,1,4.35342118759189,52.0894527779183,646,20.0
HLT2514,17,9,1,4.35293390542202,52.0893300948049,645,20.0
HLT2651,17,10,1,4.34291373504856,52.0846255622465,649,20.0
HLT2651,17,11,1,4.34291373504856,52.0846255622465,651,20.0
HLT2647,17,12,1,4.33814844044995,52.0838333462168,653,35.0
HLS0201,17,13,1,4.326885,52.083326,909,13.0
HLS0200,17,14,1,4.328519,52.082702,910,13.0
HLT2604,17,15,1,4.32328502360524,52.0805050567251,928,20.0
HLT2851,17,16,1,4.31942599757744,52.0751942881006,872,21.0
HLT2705,17,17,1,4.324626,52.071548,926,13.0
HLT2709,17,18,1,4.32650293078902,52.0695560304559,920,13.0
HLT4006,18,1,1,4.29453479238839,52.0218975389346,718,20.0
HLT4014,18,2,1,4.2950268023853,52.019644995871,717,20.0
HLT4013,18,3,1,4.29621953295921,52.0199652764202,714,20.0
HLT4005,18,4,1,4.29406798240413,52.0229359150097,713,20.0
HLT4012,18,5,1,4.29014572974832,52.0265003664939,712,20.0
HLT4011,18,6,1,4.28982039964988,52.0266348634339,719,13.0
HLT4010,18,7,1,4.28596109888534,52.0316424774166,710,20.0
HLT4009,18,8,1,4.28602077631706,52.0312897728364,711,20.0
HLT3402,18,9,1,4.26202096190482,52.0500446242387,760,35.0
HLT3312,18,10,1,4.25808669773781,52.0478765954369,762,35.0
HLT3309,18,11,1,4.2549644410696,52.0458960211795,764,20.0
HLT3306,18,12,1,4.24939624277494,52.0423708252707,765,20.0
HLT3305,18,13,1,4.24989225427237,52.0425275307326,766,35.0
HLT3311,18,14,1,4.25857683441811,52.0480386005468,761,35.0
HLT3401,18,15,1,4.26255660294023,52.0501378329532,759,35.0
HLT3003,19,1,1,4.28528489466203,52.0709703839137,901,35.0
HLT3107,19,2,1,4.279025,52.069348,813,20.0
HLT3102,19,3,1,4.27110847914211,52.0668791265886,810,20.0
HLT3103,19,4,1,4.27557705566824,52.0684153304045,811,13.0
HLT3104,19,5,1,4.27713687133664,52.0688012799954,812,13.0
HLT3108,19,6,1,4.280257,52.069656,814,20.0
HLT3130,19,7,1,4.28179772460977,52.066703983707,815,35.0
HLT3110,19,8,1,4.27679163721481,52.0646110365272,900,35.0
HLT3213,19,9,1,4.27025394396136,52.0620242486526,897,35.0
HLT3214,19,10,1,4.27075592073027,52.0621872123039,898,35.0
HLT3101,19,11,1,4.2706841576903,52.0668751045654,809,13.0
HLT1921,19,12,1,4.26001262153009,52.062878375424,803,20.0
HLT1922,19,13,1,4.26042757667489,52.0629544641501,802,20.0
HLT3109,19,14,1,4.27735565499042,52.064685567035,899,35.0
HLT3115,19,15,1,4.28474420965065,52.0665716005259,817,20.0
HLS0116,20,1,1,4.364431,52.008413,994,13.0
HLS0117,20,2,1,4.363506,52.008108,995,13.0
HLS0389,20,3,1,4.353549,52.002179,991,21.0
HLT9103,20,4,1,4.35471495962988,51.9988797312424,989,13.0
HLT9136,20,5,1,4.34964855010991,51.9963181966809,986,13.0
HLT9107,20,6,1,4.34438170807049,51.9951163875405,985,13.0
HLT9108,20,7,1,4.34451576358489,51.9950159296487,984,13.0
HLT9137,20,8,1,4.35095978841503,51.9964440182983,987,13.0
HLS0055,20,9,1,4.356705,51.992229,992,13.0
HLS0390,20,10,1,4.356705,51.992229,993,13.0
HLT9111,20,11,1,4.34340908642432,51.984492451082,981,13.0
HLT9112,20,12,1,4.34386984598392,51.9844555740439,980,13.0
HLT9117,20,13,1,4.34984114131405,51.9807282029349,976,13.0
HLT9115,20,14,1,4.3503384386654,51.9807166048806,975,13.0
HLS0011,20,15,1,4.350254,51.980909,977,13.0
HLT9113,20,16,1,4.34185550161043,51.9805589184495,979,13.0
HLT9114,20,17,1,4.34172475095003,51.9812835003891,978,13.0
HLT9109,20,18,1,4.34440678289589,51.989599417029,983,13.0
HLT9110,20,19,1,4.3445546140956,51.9904382380822,982,13.0
HLT9104,20,20,1,4.35476511156093,51.9992922928571,988,13.0
HLS0388,20,21,1,4.354358,52.002464,990,13.0
HLT9018,20,22,1,4.35704690017701,52.0080730919735,997,21.0
HLT9017,20,23,1,4.35748072231318,52.0073405197168,996,13.0
HLT9009,20,24,1,4.35348555332166,52.0117399481645,999,13.0
HLT9010,20,25,1,4.35338660514552,52.0120082910084,998,13.0
HLT9006,20,26,1,4.35269675363325,52.0174807751163,1001,13.0
HLT9005,20,27,1,4.35228215083707,52.0172184527924,1000,13.0
HLT3203,21,1,1,4.262493,52.063816,805,20.0
HLT3204,21,2,1,4.262694,52.063926,804,20.0
HLT3205,21,3,1,4.26645978342402,52.0653841825349,806,20.0
HLT3206,21,4,1,4.26657567880845,52.0655318034206,807,20.0
HLT1212,21,5,1,4.26414178534703,52.0764444199528,966,20.0
HLT1211,21,6,1,4.26381920345304,52.0766044367726,965,20.0
HLT1206,21,7,1,4.26041744342401,52.0802084221086,964,20.0
HLT1205,21,8,1,4.26007817401344,52.0804137166609,963,20.0
HLT1302,21,9,1,4.2583029190032,52.0843329164547,961,20.0
HLT1301,21,10,1,4.25747708767903,52.0850836547605,962,13.0
HLT0805,21,11,1,4.255965,52.0861,959,20.0
HLT0806,21,12,1,4.255624,52.086294,960,13.0
HLT0801,21,13,1,4.252349,52.08771,955,20.0
HLT0811,21,14,1,4.25237372954615,52.0877308302979,958,20.0
HLT0809,21,15,1,4.252376,52.087791,956,20.0
HLT0802,21,16,1,4.252527,52.088161,957,13.0
HLT1217,21,17,1,4.26137550602631,52.0731559690043,783,35.0
HLT1214,21,18,1,4.2556172967802,52.0709929044583,785,35.0
HLT3403,22,1,1,4.26617699594688,52.0529202544227,757,35.0
HLT3404,22,2,1,4.26601278824935,52.0527236326718,758,35.0
HLT1824,22,3,1,4.24566591148049,52.0566195539631,781,20.0
HLT1810,22,4,1,4.2456756492149,52.0565714122458,779,20.0
HLT1709,22,5,1,4.24148559810765,52.05529024944,778,20.0
HLT1710,22,6,1,4.24185053033057,52.0553315532249,777,20.0
HLT1811,22,7,1,4.24689393187354,52.0568295122685,780,20.0
HLT1920,22,8,1,4.25530482330714,52.0605709302396,801,20.0
HLT1919,22,9,1,4.25422616432674,52.0601488670921,800,20.0
HLT1708,22,10,1,4.23928416700908,52.0540831731226,773,35.0
HLT1712,22,11,1,4.23838392748088,52.050754794459,772,35.0
HLT1602,22,12,1,4.2368439821042,52.0490084966219,769,13.0
HLT1607,22,13,1,4.23628378233782,52.0489009473109,770,13.0
HLT1606,22,14,1,4.23631434823904,52.0488599187006,771,13.0
HLT1601,22,15,1,4.23575296409578,52.0488576045957,768,13.0
HLT3310,22,16,1,4.25545308741932,52.0460580252304,763,35.0
HLT1915,23,1,1,4.25825312305633,52.0671326073238,808,20.0
HLT1428,23,2,1,4.24575758939678,52.0678802003115,788,20.0
HLT1419,23,3,1,4.24618517285835,52.0672991695512,790,35.0
HLT1420,23,4,1,4.2453926446036,52.0671494642636,789,35.0
HLT1424,23,5,1,4.23984106101593,52.0654056006305,791,35.0
HLT1423,23,6,1,4.23941253233791,52.0652818726605,792,20.0
HLT1416,23,7,1,4.23484527974758,52.0639554540524,794,35.0
HLT1802,23,8,1,4.23126174059838,52.0627787434137,795,20.0
HLT1802,23,9,1,4.23126174059838,52.0627787434137,797,20.0
HLT1801,23,10,1,4.23087420092301,52.0626508919001,796,35.0
HLT1813,23,11,1,4.23176702229733,52.0607189551488,798,35.0
HLT1812,23,12,1,4.23259161699908,52.0587719603277,799,20.0
HLT1806,23,13,1,4.22783969024404,52.0574587330576,776,20.0
HLT1805,23,14,1,4.22800833751241,52.0571403886835,775,20.0
HLT1818,24,0,1,4.23313537377233,52.0545372303567,774,20.0
HLT1415,24,1,1,4.23448954184176,52.0638378135759,793,20.0
HLT1903,24,2,1,4.25179505688689,52.0694082390614,786,35.0
HLT1213,24,3,1,4.2570446250078,52.071423691742,784,35.0
HLT1218,24,4,1,4.26182069866891,52.0732024711428,782,35.0
HLT2008,24,5,1,4.27228439332052,52.0764040219867,968,20.0
HLT2007,24,6,1,4.27196717188878,52.0765475363912,967,20.0
HLT2011,24,7,1,4.27653143510404,52.078441455012,830,35.0
HLT1109,24,8,1,4.27752690971781,52.0824184882824,838,20.0
HLT2016,24,9,1,4.27552,52.076012,970,20.0
HLT2015,24,10,1,4.27498,52.076007,969,20.0
HLT2104,24,11,1,4.28003852588757,52.0754371575503,971,20.0
HLT2103,24,12,1,4.27994465741407,52.0756933546766,972,20.0
HLT2107,24,13,1,4.28141979160522,52.0739696784526,973,13.0
HLT2108,24,14,1,4.28171420219583,52.0734483970242,974,20.0
HLT3002,24,15,1,4.28518198439579,52.0706476241326,823,13.0
HLT7120,25,1,0,4.352534,52.066961,23,13.0
HLS0026,25,2,0,4.35255,52.023356,367,13.0
HLS0027,25,3,0,4.352697,52.023322,368,13.0
HLS0018,25,4,0,4.355161,52.024521,369,13.0
HLS0019,25,5,0,4.355293,52.024477,370,13.0
HLS0047,25,6,0,4.359237,52.020853,372,13.0
HLS0048,25,7,0,4.359241,52.020709,371,13.0
HLS0070,25,8,0,4.361901,52.019034,374,13.0
HLS0025,25,9,0,4.370789,52.0145,378,13.0
HLS0024,25,10,0,4.370819,52.014464,379,13.0
HLS0077,25,11,0,4.363953,52.013407,381,13.0
HLS0030,25,12,0,4.36204,52.012356,382,13.0
HLS0031,25,13,0,4.361675,52.01238,383,13.0
HLS0078,25,14,0,4.36423,52.013409,380,13.0
HLS0069,25,15,0,4.361957,52.019169,375,13.0
HLS0032,25,16,0,4.34982,52.019171,366,21.0
HLC0473,25,17,0,4.354966,52.009571,410,13.0
HLC0472,25,18,0,4.352599,52.009262,409,13.0
HLS0050,25,19,0,4.34965,52.008293,408,13.0
HLS0049,25,20,0,4.349829,52.008087,407,13.0
HLS0329,25,21,0,4.350302,52.004649,412,13.0
HLS0330,25,22,0,4.351295,52.003894,411,13.0
HLS0036,25,23,0,4.346871,52.000637,413,13.0
HLS0114,25,24,0,4.342905,52.001455,415,13.0
HLS0113,25,25,0,4.344512,52.002503,416,13.0
HLS0065,25,26,0,4.34537,52.004426,419,13.0
HLS0064,25,27,0,4.345462,52.004238,418,13.0
HLS0112,25,28,0,4.344381,52.002502,417,13.0
HLS0225,26,0,0,4.173184,51.997544,531,13.0
HLS0224,26,1,0,4.172801,51.997153,532,13.0
HLS0226,26,2,0,4.169892,51.993824,533,13.0
HLS0233,26,3,0,4.160197,51.999548,502,13.0
HLS0234,26,4,0,4.160418,51.99947,504,13.0
HLS0232,26,5,0,4.164353,52.000419,501,13.0
HLS0232,26,6,0,4.164353,52.000419,505,13.0
HLS0223,26,7,0,4.170941,52.001853,506,13.0
HLS0222,26,8,0,4.170661,52.001976,500,13.0
HLS0229,26,9,0,4.169036,52.00604,507,13.0
HLS0228,26,10,0,4.167944,52.00709,499,13.0
HLS0267,26,11,0,4.167514,52.021279,498,13.0
HLS0263,26,12,0,4.170375,52.023241,497,13.0
HLS0274,26,13,0,4.173231,52.026471,496,13.0
HLS0264,26,14,0,4.177758,52.02934,495,13.0
HLS0276,26,15,0,4.184063,52.02411,492,13.0
HLS0277,26,16,0,4.184529,52.023558,491,13.0
HLS0423,26,17,0,4.180755,52.028427,494,13.0
HLS0422,26,18,0,4.179956,52.028895,493,13.0
HLS0278,26,19,0,4.180218,52.032161,490,13.0
HLS0279,26,20,0,4.180531,52.032425,489,13.0
HLS0270,26,21,0,4.190327,52.038898,487,13.0
HLT1715,26,22,0,4.25163227605954,52.0557213157229,289,20.0
HLT1719,26,23,0,4.26153361671092,52.0570438914836,304,13.0
HLT1721,26,24,0,4.26193342693348,52.0570853492844,303,20.0
HLT1718,26,25,0,4.25740910117965,52.0545174488491,302,13.0
HLT3819,27,1,0,4.32137820675742,52.0587886410883,115,20.0
HLT3820,27,2,0,4.32176434430744,52.0580731595153,112,20.0
HLT3834,27,3,0,4.32384185127498,52.0557310434146,114,20.0
HLT3833,27,4,0,4.32339259232234,52.0557150313279,113,13.0
HLT3832,27,5,0,4.31718163910084,52.0530424479811,336,20.0
HLT3831,27,6,0,4.31707574907799,52.0528976293673,335,20.0
HLT3830,27,7,0,4.31314795195388,52.0521382111461,337,20.0
HLT3829,27,8,0,4.3130338564257,52.0519980239806,338,20.0
HLS0135,27,9,0,4.298769,52.051564,313,20.0
HLS0181,27,10,0,4.296006,52.054864,307,13.0
HLS0216,27,11,0,4.29354,52.057933,311,13.0
HLS0217,27,12,0,4.29238,52.058839,308,20.0
HLS0180,27,13,0,4.29642,52.054023,312,13.0
HLS0134,27,14,0,4.298853,52.051124,314,20.0
HLT3612,27,15,0,4.29001010596668,52.0444938985215,45,20.0
HLT3613,27,16,0,4.29118082368249,52.0440387053657,46,20.0
HLS0142,27,17,0,4.30322,52.047793,47,20.0
HLS0143,27,18,0,4.303809,52.046972,48,20.0
HLS0119,27,19,0,4.25415,51.975133,535,13.0
HLT7119,27,20,0,4.352312,52.067093,22,20.0
HLT2857,28,1,0,4.3181708455341,52.0762761181492,110,20.0
HLT2858,28,2,0,4.320234,52.077117,111,13.0
HLT2403,28,3,0,4.31683348723635,52.0848754088929,161,20.0
HLT2401,28,4,0,4.31645272209252,52.0848837193078,160,13.0
HLT2873,28,5,0,4.30955207869815,52.0813797306583,109,20.0
HLT2874,28,6,0,4.30896562829692,52.0813951847169,108,20.0
HLT0515,28,7,0,4.301436,52.087085,217,20.0
HLT0516,28,8,0,4.302489,52.087598,220,13.0
HLT0511,28,9,0,4.305544,52.089765,219,20.0
HLT0510,28,10,0,4.305635,52.090243,218,20.0
HLT0504,28,11,0,4.30265277689089,52.0933089689487,159,20.0
HLT0503,28,12,0,4.30207935405249,52.0939709414044,158,20.0
HLT0605,28,13,0,4.30115079503412,52.0946637597382,157,13.0
HLT0603,28,14,0,4.29987278824698,52.0973919192484,155,20.0
HLT0604,28,15,0,4.3000957481723,52.0974605468231,156,20.0
HLT0220,28,16,0,4.288068,52.109747,169,13.0
HLT0222,28,17,0,4.29093739612432,52.1106503366313,168,20.0
HLT0223,28,18,0,4.29589280932128,52.1112833139141,167,20.0
HLT0224,28,19,0,4.29632906024534,52.111317114036,166,20.0
HLT0225,28,20,0,4.29679152688367,52.1101260213315,163,20.0
HLT0226,28,21,0,4.29813714441596,52.1090120342029,162,13.0
HLT3858,29,1,0,4.31476386024955,52.0647737440185,103,20.0
HLT3857,29,2,0,4.31534220608393,52.0650114218305,104,20.0
HLS0145,29,3,0,4.300864,52.062576,353,35.0
HLS0160,29,4,0,4.297795,52.061056,352,20.0
HLS0159,29,5,0,4.297677,52.061091,351,20.0
HLT3407,29,6,0,4.2739476630964,52.0553528654491,361,20.0
HLT3409,29,7,0,4.27420511612319,52.0536654418527,362,20.0
HLT3414,29,8,0,4.27493207188515,52.0501525582492,321,35.0
HLT3439,29,9,0,4.28087620553163,52.0512774337604,316,13.0
HLT3411,29,10,0,4.26869833451072,52.0477124666053,322,20.0
HLT3412,29,11,0,4.26868762699302,52.0475936956631,323,20.0
HLT3413,29,12,0,4.27446096207117,52.0500461641258,320,50.0
HLT3406,29,13,0,4.27159931046594,52.0526932210473,329,20.0
HLT3405,29,14,0,4.27089447410194,52.053112189457,328,20.0
HLT3210,29,15,0,4.26362238597099,52.0592943612872,306,20.0
HLT3209,29,16,0,4.26360454959403,52.0594866872479,305,20.0
HLT2639,30,1,0,4.3395330165364,52.0872884352986,86,20.0
HLT2640,30,2,0,4.34053603045142,52.0878914018656,84,13.0
HLT2642,30,3,0,4.34439808585869,52.089182696308,87,20.0
HLT2641,30,4,0,4.344221098045,52.0893228656168,83,13.0
HLT2501,30,5,0,4.34728061693831,52.0906293138396,88,20.0
HLT2502,30,6,0,4.34746839776514,52.0909152755171,82,20.0
HLT2504,30,7,0,4.35070206639716,52.092189557212,81,20.0
HLS0204,30,8,0,4.350785,52.093965,78,20.0
HLS0151,30,9,0,4.357855,52.098108,79,20.0
HLS0235,30,10,0,4.36135,52.100359,61,20.0
HLS0236,30,11,0,4.360956,52.100355,62,20.0
HLS0152,30,12,0,4.358048,52.098631,63,20.0
HLT2508,30,13,0,4.36071909051003,52.09652487987,93,20.0
HLT2507,30,14,0,4.36013991659398,52.0964923707625,92,13.0
HLT2505,30,15,0,4.35615315934329,52.0943226209363,91,13.0
HLT2506,30,16,0,4.3559562781038,52.0943794596975,90,13.0
HLT2503,30,17,0,4.35244085851387,52.0926541492052,89,20.0
HLS0205,30,18,0,4.349589,52.093316,64,20.0
HLS0362,30,19,0,4.331293,52.092507,68,20.0
HLS0366,30,20,0,4.335599,52.094361,69,13.0
HLS0367,30,21,0,4.347509,52.09932,70,13.0
HLS0365,30,22,0,4.358149,52.105005,71,13.0
HLS0207,31,1,0,4.416644,52.059075,15,20.0
HLS0206,31,2,0,4.416687,52.05912,16,20.0
HLS0163,31,3,0,4.415457,52.062058,14,20.0
HLS0164,31,4,0,4.41544,52.062148,17,20.0
HLS0133,31,5,0,4.410877,52.065427,18,20.0
HLS0132,31,6,0,4.410286,52.065791,19,13.0
HLS0215,31,7,0,4.406224,52.06813,21,20.0
HLS0214,31,8,0,4.406458,52.068105,20,20.0
HLS0138,31,9,0,4.376993,52.050768,1,20.0
HLS0139,31,10,0,4.377239,52.05086,13,20.0
HLS0140,31,11,0,4.370949,52.046627,2,20.0
HLS0141,31,12,0,4.371153,52.046673,12,20.0
HLS0172,31,13,0,4.3647,52.043238,3,20.0
HLS0126,31,14,0,4.375093,52.035507,9,13.0
HLS0336,31,15,0,4.383181,52.032287,10,13.0
HLS0337,31,16,0,4.383063,52.032376,11,13.0
HLS0127,31,17,0,4.374758,52.035513,8,20.0
HLS0218,31,18,0,4.367013,52.031941,7,20.0
HLS0219,31,19,0,4.366838,52.031948,6,20.0
HLS0131,31,20,0,4.362007,52.02779,4,20.0
HLS0363,32,1,0,4.329667,52.09216,74,13.0
HLS0363,32,2,0,4.329667,52.09216,154,13.0
HLT0437,32,3,0,4.319583,52.089741,128,13.0
HLT0416,32,4,0,4.32193029175675,52.1001790236594,135,20.0
HLT0415,32,5,0,4.32156599743908,52.1001717034707,152,20.0
HLT0404,32,6,0,4.31796413410107,52.1035931062374,136,20.0
HLT0310,32,7,0,4.30846406104529,52.108784020229,164,20.0
HLT0309,32,8,0,4.306603,52.10937,165,20.0
HLT0218,32,9,0,4.28741505902821,52.1121333071707,171,20.0
HLT0217,32,10,0,4.28726571567318,52.1121945199754,172,20.0
HLT0229,32,11,0,4.284011,52.112047,173,20.0
HLT0205,32,12,0,4.28368444242148,52.1120294402802,174,20.0
HLT0219,32,13,0,4.287317,52.109992,170,20.0
HLT0727,32,14,0,4.28913714381468,52.1072879836596,176,13.0
HLT0726,32,15,0,4.28868138576308,52.1070809777064,175,20.0
HLT0725,32,16,0,4.28639333811982,52.104617517952,177,20.0
HLT0724,32,17,0,4.28629427503056,52.1040868685722,179,20.0
HLT0734,32,18,0,4.28310135961231,52.1014730771013,178,21.0
HLT0904,32,19,0,4.28151634258156,52.0991939850492,204,20.0
HLT0905,32,20,0,4.28133152309854,52.0989761989589,203,20.0
HLT0440,33,1,0,4.330286,52.094367,133,13.0
HLT0431,33,2,0,4.326403,52.096265,134,20.0
HLT0430,33,3,0,4.326409,52.096022,153,20.0
HLS0368,33,4,0,4.346273,52.099103,72,20.0
HLS0364,33,5,0,4.334929,52.094274,73,13.0
HLT2633,33,6,0,4.33298454463528,52.0844643197803,118,20.0
HLT2634,33,7,0,4.33328306724958,52.0844686259132,119,20.0
HLT2636,33,8,0,4.33575583046536,52.0855605236657,80,20.0
HLT2635,33,9,0,4.33584919834467,52.085735494864,85,20.0
HLT2638,33,10,0,4.33736218862579,52.0859212517317,122,20.0
HLT2650,33,11,0,4.33930181540872,52.0842494031283,123,20.0
HLT2649,33,12,0,4.33931637114307,52.0843828889647,99,20.0
HLT2637,33,13,0,4.33684134900341,52.0865157166829,100,20.0
HLS0182,33,14,0,4.335973,52.088369,76,13.0
HLS0129,33,15,0,4.339957,52.090202,65,20.0
HLS0128,33,16,0,4.34088,52.090669,77,20.0
HLS0183,33,17,0,4.333882,52.087325,66,13.0
HLS0124,33,18,0,4.329035,52.084945,75,13.0
HLS0125,33,19,0,4.328673,52.084834,67,13.0
HLS0157,33,20,0,4.332999,52.081448,94,20.0
HLS0147,33,21,0,4.337596,52.077642,96,20.0
HLS0083,34,1,0,4.375616,52.011062,384,13.0
HLS0084,34,2,0,4.375897,52.010867,388,13.0
HLS0052,34,3,0,4.378021,52.012953,389,21.0
HLS0318,34,4,0,4.375723,52.014066,391,13.0
HLS0319,34,5,0,4.375749,52.014192,390,13.0
HLS0038,34,6,0,4.374033,52.015354,392,13.0
HLS0040,34,7,0,4.374017,52.015444,393,13.0
HLS0374,34,8,0,4.379545,52.017739,394,13.0
HLS0028,34,9,0,4.371574,52.008825,427,13.0
HLS0029,34,10,0,4.37171,52.009231,426,13.0
HLS0100,34,11,0,4.37757,52.001282,430,21.0
HLS0098,34,12,0,4.3772,52.002833,433,13.0
HLS0085,34,13,0,4.380008,52.003595,435,13.0
HLS0086,34,14,0,4.38056,52.003671,436,13.0
HLS0075,34,15,0,4.379677,52.006684,423,13.0
HLS0076,34,16,0,4.379615,52.006827,422,13.0
HLS0088,34,17,0,4.373822,52.007308,424,13.0
HLS0087,34,18,0,4.372758,52.007335,425,13.0
HLS0378,34,19,0,4.369782,52.006895,428,13.0
HLS0068,34,20,0,4.369292,52.006657,429,13.0
HLS0066,34,21,0,4.358199,52.010885,385,13.0
HLS0067,34,22,0,4.358576,52.01096,386,13.0
HLS0066,34,23,0,4.358199,52.010885,387,13.0
HLS0053,34,24,0,4.356582,51.993127,449,13.0
HLS0073,34,25,0,4.355471,51.995202,450,13.0
HLS0058,34,26,0,4.346839,51.983782,461,13.0
HLS0059,34,27,0,4.347036,51.983478,462,13.0
HLT0429,35,1,0,4.324033,52.094068,132,20.0
HLT0428,35,2,0,4.323095,52.093601,131,13.0
HLT0426,35,3,0,4.31957823867838,52.0924967656612,130,20.0
HLT0427,35,4,0,4.3195205259337,52.0921868243557,129,13.0
HLT0447,35,5,0,4.315542,52.091529,125,13.0
HLT0448,35,6,0,4.315419,52.091761,126,13.0
HLT0418,35,7,0,4.31305610533233,52.0945623928717,148,20.0
HLT0417,35,8,0,4.3128388294109,52.0952006965006,149,20.0
HLT0412,35,9,0,4.31308300599461,52.0973925733531,150,13.0
HLT0413,35,10,0,4.315566,52.098441,146,13.0
HLT0414,35,11,0,4.315853,52.098641,151,20.0
HLT0401,35,12,0,4.31490865154569,52.1010789016025,144,20.0
HLT0402,35,13,0,4.31501964749388,52.1012343283809,143,20.0
HLT0403,35,14,0,4.31814917046317,52.1031156242217,145,20.0
HLT0406,35,15,0,4.317923,52.104215,137,13.0
HLT0405,35,16,0,4.319108,52.104729,138,20.0
HLT0408,35,17,0,4.323166,52.105359,139,13.0
HLT0409,35,18,0,4.325369,52.105388,140,20.0
HLT0407,35,19,0,4.323516,52.105956,141,20.0
HLT0410,35,20,0,4.318902,52.105159,142,13.0
HLT0411,35,21,0,4.31159347098113,52.0966546050319,147,20.0
HLT0436,35,22,0,4.317533,52.088805,127,20.0
HLT3907,36,2,0,4.34064110329787,52.0667989654997,24,20.0
HLT3908,36,3,0,4.340601,52.067071,25,13.0
HLT3912,36,4,0,4.336626,52.069903,51,13.0
HLT3906,36,5,0,4.3364707744107,52.0701556590412,54,20.0
HLT3903,36,6,0,4.33330205409404,52.0729117774667,52,13.0
HLT1123,36,7,0,4.29225717843593,52.0850455566203,221,20.0
HLT1118,36,8,0,4.28764956198165,52.0852910315099,222,20.0
HLT1112,36,9,0,4.27906386319042,52.0837158898949,223,20.0
HLT1110,36,10,0,4.276644447142,52.0820934275228,225,20.0
HLT1111,36,11,0,4.27705199663484,52.0820482331792,237,13.0
HLT1113,36,12,0,4.27959798558544,52.0843315815511,224,20.0
HLT1103,36,13,0,4.27804922351556,52.0872465784974,216,20.0
HLT1125,36,14,0,4.27800489877421,52.0875793139329,193,20.0
HLT1106,36,15,0,4.27946560860845,52.0883699908259,192,20.0
HLT1107,36,16,0,4.2801918694878,52.0884045222757,191,13.0
HLT0920,36,17,0,4.280671,52.093615,196,13.0
HLT0910,36,18,0,4.2779008915119,52.0953394429413,201,20.0
HLT0911,36,19,0,4.27817729560765,52.0954738560172,202,20.0
HLT0719,36,20,0,4.27497905453913,52.101621233843,215,20.0
HLT0718,36,21,0,4.27373983210292,52.1009544842491,214,20.0
HLT3904,36,22,0,4.33434179462147,52.0716611773701,53,13.0
HLS0325,37,1,0,4.319169,52.010528,551,13.0
HLS0324,37,2,0,4.31931,52.010718,550,13.0
HLS0335,37,3,0,4.321908,52.007443,398,13.0
HLS0334,37,4,0,4.322048,52.007669,397,13.0
HLS0323,37,5,0,4.320035,52.00045,546,13.0
HLS0385,37,6,0,4.319833,52.002804,548,13.0
HLS0386,37,7,0,4.320165,52.00295,549,13.0
HLS0322,37,8,0,4.319988,52.000585,547,13.0
HLS0320,37,9,0,4.324362,52.004669,395,13.0
HLS0321,37,10,0,4.324363,52.004615,396,13.0
HLS0009,37,11,0,4.332541,51.999997,542,13.0
HLS0010,37,12,0,4.332602,51.99988,557,13.0
HLS0382,37,13,0,4.32994,51.999137,543,13.0
HLS0384,37,14,0,4.322805,51.996646,545,13.0
HLS0383,37,15,0,4.322902,51.996863,544,13.0
HLS0096,37,16,0,4.333998,51.997466,445,13.0
HLS0097,37,17,0,4.334276,51.997432,446,13.0
HLS0092,37,18,0,4.339829,51.998453,443,13.0
HLS0091,37,19,0,4.340699,51.998631,444,13.0
HLS0115,37,20,0,4.342894,52.001312,414,13.0
HLS0379,37,21,0,4.351844,51.993382,460,13.0
HLS0074,37,22,0,4.355611,51.994206,451,13.0
HLS0054,37,23,0,4.356705,51.992229,452,13.0
HLS0341,37,24,0,4.35737,51.991138,453,13.0
HLS0340,37,25,0,4.357765,51.991069,448,13.0
HLS0041,37,26,0,4.361708,51.985477,456,21.0
HLT3905,37,27,0,4.33705246394757,52.0689586013162,55,20.0
HLS0202,38,1,0,4.302055,52.018264,31,20.0
HLS0203,38,2,0,4.301737,52.018755,32,20.0
HLS0198,38,3,0,4.297951,52.019862,30,20.0
HLS0199,38,4,0,4.296792,52.020822,33,20.0
HLS0162,38,5,0,4.293806,52.023167,34,20.0
HLS0195,38,6,0,4.289974,52.026727,35,20.0
HLS0194,38,7,0,4.29007,52.026368,28,20.0
HLS0161,38,8,0,4.293527,52.022661,29,20.0
HLS0156,38,9,0,4.286533,52.031549,36,20.0
HLS0185,38,10,0,4.284155,52.03461,37,20.0
HLS0184,38,11,0,4.283969,52.034491,26,20.0
HLS0155,38,12,0,4.285972,52.031265,27,20.0
HLS0304,38,13,0,4.281466,52.02547,59,13.0
HLS0305,38,14,0,4.280727,52.025301,60,13.0
HLS0309,38,15,0,4.274822,52.02369,58,13.0
HLS0307,38,16,0,4.269523,52.022319,56,13.0
HLS0308,38,17,0,4.269222,52.022127,57,13.0
HLS0244,38,18,0,4.261825,52.019045,508,21.0
HLS0246,38,19,0,4.254327,52.014803,510,13.0
HLS0245,38,20,0,4.254182,52.014756,509,13.0
HLT3357,38,21,0,4.26051893417767,52.0305256626575,41,20.0
HLS0056,39,0,0,4.360054,51.987746,454,13.0
HLS0057,39,1,0,4.360179,51.987369,455,13.0
HLS0093,39,2,0,4.357517,51.982231,458,13.0
HLS0094,39,3,0,4.356862,51.982199,459,13.0
HLS0045,39,4,0,4.362172,51.983656,457,21.0
HLS0106,39,5,0,4.34435,51.987518,464,13.0
HLS0107,39,6,0,4.34485,51.987324,463,13.0
HLS0021,39,7,0,4.343857,51.989976,465,13.0
HLS0020,39,8,0,4.343247,51.989899,466,13.0
NEW,39,9,0,4.339447,51.989874,472,13.0
HLS0105,39,10,0,4.339468,51.990252,471,13.0
HLS0035,39,11,0,4.337055,51.993161,470,13.0
HLS0034,39,12,0,4.336748,51.993248,469,13.0
HLS0071,39,13,0,4.33485,51.993465,468,13.0
HLS0072,39,14,0,4.334764,51.994021,467,13.0
HLS0063,39,15,0,4.333908,51.995712,447,21.0
HLS0037,39,16,0,4.34923,52.000639,420,13.0
HLS0111,39,17,0,4.34569,52.01073,405,13.0
HLS0110,39,18,0,4.345658,52.010819,406,13.0
HLS0061,39,19,0,4.342006,52.010634,404,21.0
HLS0081,39,20,0,4.333382,52.00946,399,13.0
HLS0082,39,21,0,4.333836,52.00995,400,13.0
HLS0376,39,22,0,4.334537,52.012994,401,13.0
HLS0102,39,23,0,4.338314,52.009675,403,13.0
HLS0103,39,24,0,4.338342,52.009747,402,13.0
HLS0377,39,25,0,4.336646,52.014964,421,13.0
HLT4015,40,2,0,4.285574,52.040322,49,20.0
HLT4016,40,3,0,4.28561,52.040044,50,20.0
HLT3343,40,4,0,4.271386624325,52.0360149317233,38,13.0
HLT3340,40,5,0,4.2660258276495,52.033319918307,39,13.0
HLT3339,40,6,0,4.26120043377742,52.0309099898917,42,20.0
HLT3371,40,7,0,4.267006,52.033243,40,13.0
HLT3341,40,8,0,4.26740594541066,52.0337477588673,43,20.0
HLT3342,40,9,0,4.27168317229995,52.0359325997125,44,20.0
HLT3322,40,10,0,4.26367949667824,52.0451257772462,325,13.0
HLT3323,40,11,0,4.26385473215324,52.0453663001048,324,20.0
HLT3320,40,12,0,4.25955067643816,52.0429242712834,326,20.0
HLT3319,40,13,0,4.25645385688362,52.0411331030516,330,13.0
HLT3361,40,14,0,4.25138391005665,52.0382738684478,332,13.0
HLT3383,40,15,0,4.247341,52.040893,334,13.0
HLS0166,40,16,0,4.242597,52.043984,294,20.0
HLT1677,40,17,0,4.240459,52.045518,297,20.0
HLS0165,40,18,0,4.240985,52.043186,298,20.0
HLT3362,40,19,0,4.25167428443517,52.0382394648354,333,20.0
HLT3318,40,20,0,4.25564423852357,52.0405391486485,331,20.0
HLT3321,40,21,0,4.26096666202824,52.0435738241702,327,20.0
HLT3438,40,22,0,4.28091817078335,52.0509160884693,317,20.0
HLS0017,41,2,0,4.372133,52.002143,483,13.0
HLS0015,41,3,0,4.372303,52.002351,482,13.0
HLS0099,41,4,0,4.37723,52.002798,434,13.0
HLS0080,41,5,0,4.38012,51.99796,432,13.0
HLS0079,41,6,0,4.379873,51.99793,431,13.0
HLS0355,41,7,0,4.380148,51.991551,477,21.0
HLS0356,41,8,0,4.380181,51.991353,476,13.0
HLS0317,41,9,0,4.385711,51.989513,473,13.0
HLS0357,41,10,0,4.381908,51.989013,475,13.0
HLS0358,41,11,0,4.382124,51.988485,474,13.0
HLS0391,41,12,0,4.37762,51.984842,437,13.0
HLS0392,41,13,0,4.377639,51.984617,438,13.0
HLS0393,41,14,0,4.379791,51.981498,439,13.0
HLS0394,41,15,0,4.379823,51.981382,440,13.0
HLS0396,41,16,0,4.383769,51.976121,442,13.0
HLS0395,41,17,0,4.383842,51.976113,441,13.0
HLS0344,41,18,0,4.376178,51.996506,478,21.0
HLS0345,41,19,0,4.376815,51.99599,479,13.0
HLS0347,41,20,0,4.374078,51.999193,481,13.0
HLS0346,41,21,0,4.373804,51.999703,480,21.0
HLS0016,41,22,0,4.372437,52.001552,484,21.0
HLS0022,41,23,0,4.365948,52.015365,377,13.0
HLS0023,41,24,0,4.365037,52.016346,376,13.0
HLS0013,41,25,0,4.355605,52.020408,373,21.0
HLS0130,41,26,0,4.362162,52.028034,5,13.0
HLT3601,42,1,0,4.2847159887493,52.048140641604,315,20.0
HLT3436,42,2,0,4.27935778947973,52.0491489091486,318,20.0
HLT3437,42,3,0,4.27931534507729,52.0496709143165,319,20.0
HLT3410,42,4,0,4.27510786782432,52.0533970975609,363,20.0
HLT3408,42,5,0,4.27463851350802,52.0554122317093,190,20.0
HLT3408,42,6,0,4.27463851350802,52.0554122317093,364,20.0
HLT3219,42,7,0,4.27895473356375,52.0591470110401,365,20.0
HLT3220,42,8,0,4.27930098012377,52.059629346447,360,20.0
HLT3119,42,9,0,4.28369421306727,52.0621057744916,342,13.0
HLT3120,42,10,0,4.28386639706819,52.0620224434907,341,13.0
HLT3122,42,11,0,4.28896101903139,52.0634384554823,343,20.0
HLT3121,42,12,0,4.28893585765551,52.0635550932196,346,20.0
HLT3125,42,13,0,4.290986,52.061586,344,13.0
HLT3009,42,14,0,4.2922575271077,52.0647999584986,348,20.0
HLT3010,42,15,0,4.29303676506319,52.0650347876347,347,20.0
HLT2914,42,16,0,4.29629262165418,52.0664445261655,358,13.0
HLT2913,42,17,0,4.29664274776856,52.0669020617042,359,20.0
HLT2909,42,18,0,4.29988572911518,52.0695292616339,356,20.0
HLT2910,42,19,0,4.30018187767599,52.0696457209712,357,20.0
HLS0154,42,20,0,4.301586,52.069495,355,13.0
HLS0153,42,21,0,4.30153,52.069387,354,13.0
HLT2022,43,1,0,4.27553122836856,52.072911299228,234,20.0
HLT2021,43,2,0,4.27527997395789,52.0725871733176,228,13.0
HLT2020,43,3,0,4.26965993642885,52.0706091001204,233,20.0
HLT2019,43,4,0,4.26939161648067,52.0706462933887,229,13.0
HLT1918,43,5,0,4.2634417566283,52.0690452467923,232,20.0
HLT1917,43,6,0,4.26290266589708,52.0689136755134,230,20.0
HLT1916,43,7,0,4.25895770076123,52.0675020680755,231,20.0
HLT1913,43,8,0,4.25237651264599,52.0641480614418,188,20.0
HLT1914,43,9,0,4.25332837593685,52.0649013007184,183,13.0
HLT1421,43,10,0,4.24065349556269,52.0657695373576,264,20.0
HLT1873,43,11,0,4.22606296129191,52.0585112299475,269,20.0
HLS0189,43,12,0,4.226701,52.051001,274,13.0
HLS0188,43,13,0,4.226034,52.050833,273,13.0
HLS0190,43,14,0,4.221448,52.0489,275,13.0
HLS0268,43,15,0,4.198669,52.04256,486,21.0
HLS0271,43,16,0,4.190618,52.03891,488,13.0
HLS0272,43,17,0,4.204602,52.044759,485,35.0
HLS0196,43,18,0,4.209726,52.04615,277,20.0
HLS0197,43,19,0,4.209976,52.046062,276,20.0
HLS0191,43,20,0,4.222247,52.049025,278,20.0
HLT2013,44,1,0,4.27645092087172,52.0780417480059,226,13.0
HLT2017,44,2,0,4.2750865024914,52.0755849821451,227,13.0
HLT2018,44,3,0,4.27563188763052,52.0763723262955,235,13.0
HLT2012,44,4,0,4.27702211647354,52.0790645740701,236,20.0
HLT0932,44,5,0,4.274044,52.086047,195,20.0
HLT0930,44,6,0,4.277596,52.087573,194,20.0
HLT1209,44,7,0,4.27311984709792,52.0851645503645,240,13.0
HLT1210,44,8,0,4.27215595707529,52.0851388195567,241,20.0
HLT1207,44,9,0,4.26528730574358,52.082334695646,242,20.0
HLT1208,44,10,0,4.26438726289608,52.0820789153493,243,20.0
HLT1203,44,11,0,4.26082125206425,52.080466894061,244,20.0
HLT1204,44,12,0,4.25979113764391,52.0801897119236,245,20.0
HLT1202,44,13,0,4.25525747672709,52.0781925118133,247,20.0
HLT1201,44,14,0,4.254697608956,52.0780749136373,246,20.0
HLT1307,44,15,0,4.25140470872696,52.0765455599332,249,20.0
HLT1308,44,16,0,4.2494000148956,52.0758939817389,248,13.0
HLT1305,44,17,0,4.24535029567165,52.0742207720985,251,13.0
HLT1408,44,18,0,4.24097381784305,52.0715910519634,263,35.0
HLT1406,44,19,0,4.23667656912648,52.0698108687924,262,35.0
HLT1411,45,0,0,4.23555543563438,52.0666292135708,261,20.0
HLT1417,45,1,0,4.23706984122819,52.0648769363753,265,20.0
HLT1418,45,2,0,4.23747181956075,52.065053313257,266,13.0
HLT1412,45,3,0,4.23561459026974,52.0670429366823,260,20.0
HLT1403,45,4,0,4.23218187382161,52.0681388537322,258,20.0
HLT1404,45,5,0,4.23209838799404,52.0683856675575,259,13.0
HLT1306,45,6,0,4.2465174891641,52.0745400668295,250,20.0
HLT0804,45,7,0,4.257331,52.089753,208,13.0
HLT0803,45,8,0,4.258315,52.090104,209,20.0
HLT0807,45,9,0,4.26229,52.090439,207,13.0
HLT0808,45,10,0,4.26232924694836,52.0903021773036,210,20.0
HLT0744,45,11,0,4.263884,52.093232,211,20.0
HLT0730,45,12,0,4.26678963953563,52.0928095335104,206,13.0
HLT0731,45,13,0,4.26831401662161,52.0938865902528,212,20.0
HLT0732,45,14,0,4.270283,52.096457,205,20.0
HLT0732,45,15,0,4.270283,52.096457,213,20.0
HLT0919,45,16,0,4.280661,52.093444,197,13.0
HLT0908,45,17,0,4.276434,52.092659,199,13.0
HLT0912,45,18,0,4.276237,52.09236,200,13.0
HLT0944,45,19,0,4.278274,52.090842,198,13.0
HLT1117,45,20,0,4.28699681366676,52.0852006860692,238,20.0
HLT1124,45,21,0,4.29223345216926,52.0848907024605,239,13.0
HLT3126,46,0,0,4.290975,52.062026,345,13.0
HLT1924,46,1,0,4.25792464337325,52.063676852156,182,20.0
HLT1829,46,2,0,4.24783772247889,52.059305178619,288,13.0
HLT1822,46,3,0,4.23853864000956,52.0550860576614,283,20.0
HLT1823,46,4,0,4.2384645101827,52.0551826032326,284,20.0
HLT1825,46,5,0,4.24605639344988,52.0565327580841,291,20.0
HLT1716,46,6,0,4.25072483701974,52.0563952744465,290,20.0
HLT1828,46,7,0,4.24795344050782,52.059436250326,285,20.0
HLT1809,46,8,0,4.24703740239513,52.0612914415407,287,20.0
HLT1808,46,9,0,4.24740593582614,52.0613182814916,286,20.0
HLT1923,46,10,0,4.25696917650807,52.0635688982326,189,20.0
HLT3201,46,11,0,4.25988473489936,52.0622454150696,180,20.0
HLT3202,46,12,0,4.26084791879404,52.0622208895183,181,20.0
HLT1911,46,13,0,4.25169263633927,52.0650468266869,184,20.0
HLT1907,46,14,0,4.24784825566121,52.0668517449488,185,20.0
HLT1502,46,15,0,4.2180835140604,52.066462482348,254,20.0
HLT1516,46,16,0,4.22413015587448,52.0655872066853,256,20.0
HLT1426,46,17,0,4.22602396063551,52.0632317860165,268,20.0
HLT1912,46,18,0,4.25421544289492,52.0641477905831,187,20.0
HLS0231,47,1,0,4.249571,52.048914,299,20.0
HLS0137,47,2,0,4.254675,52.052307,300,20.0
HLT1717,47,3,0,4.25868285890681,52.0551439362332,301,13.0
HLS0136,47,4,0,4.253607,52.051902,292,20.0
HLS0230,47,5,0,4.248576,52.048473,293,20.0
HLS0212,47,6,0,4.235364,52.039536,295,20.0
HLS0213,47,7,0,4.236315,52.039977,296,13.0
HLS0192,47,8,0,4.229364,52.052313,279,20.0
HLS0193,47,9,0,4.229754,52.052452,280,20.0
HLT1821,47,10,0,4.23389974883629,52.0542678637796,281,20.0
HLT1820,47,11,0,4.23365387456737,52.0543610610503,282,20.0
HLT1834,47,12,0,4.22801370012659,52.0575349570347,272,20.0
HLT1835,47,13,0,4.22786206254449,52.0570660144044,271,20.0
HLT1872,47,14,0,4.22662194525206,52.0583088276514,270,20.0
HLT1425,47,15,0,4.22654154604364,52.0631085093536,267,20.0
HLT1508,47,16,0,4.22357280945134,52.0668077938643,252,13.0
HLT1506,47,17,0,4.22275324695712,52.06862350349,253,13.0
HLT1504,47,18,0,4.22262956598752,52.0687621457293,255,13.0
HLT1514,47,19,0,4.22480085871072,52.0662687756448,257,20.0
HLT1908,47,20,0,4.24806906684069,52.0662887519574,186,20.0
HLS0120,48,1,0,4.254045,51.975231,534,13.0
HLS0359,48,2,0,4.250625,51.978676,537,13.0
HLS0123,48,3,0,4.250102,51.978635,536,13.0
HLS0121,48,4,0,4.2457,51.977721,538,13.0
HLS0122,48,5,0,4.245231,51.977276,539,13.0
HLS0327,48,6,0,4.245703,51.974161,541,13.0
HLS0328,48,7,0,4.245839,51.973965,540,13.0
HLS0291,48,8,0,4.218898,51.991301,511,13.0
HLS0292,48,9,0,4.219524,51.991307,512,13.0
HLS0243,48,10,0,4.221426,52.003281,516,13.0
HLS0238,48,11,0,4.223653,52.006144,520,13.0
HLS0239,48,12,0,4.223801,52.006595,517,13.0
HLS0241,48,13,0,4.220361,52.008943,518,13.0
HLS0240,48,14,0,4.220332,52.008933,519,13.0
HLS0283,48,15,0,4.206886,52.001815,523,13.0
HLS0284,48,16,0,4.207424,52.00129,524,13.0
HLS0282,48,17,0,4.209049,51.999293,525,13.0
HLS0281,48,18,0,4.209037,51.999203,522,13.0
HLS0286,48,19,0,4.214495,51.998745,521,13.0
HLS0285,48,20,0,4.21452,51.998916,515,13.0
HLS0290,48,21,0,4.206525,51.996148,514,13.0
HLS0289,48,22,0,4.206266,51.99602,526,13.0
HLS0288,48,23,0,4.202326,51.993041,513,13.0
HLS0287,48,24,0,4.20289,51.992076,527,13.0
HLS0294,48,25,0,4.205584,51.98875,528,13.0
HLS0227,48,26,0,4.169648,51.993139,530,13.0
HLS0293,48,27,0,4.206109,51.988719,529,13.0
HLS0148,49,1,0,4.337889,52.077599,97,13.0
HLS0315,49,2,0,4.334246,52.080542,98,13.0
HLS0158,49,3,0,4.331895,52.081878,124,20.0
HLT2631,49,4,0,4.33006987364627,52.0830736144388,120,20.0
HLT2632,49,5,0,4.33092356249137,52.0834327104532,121,20.0
HLS0316,49,6,0,4.335131,52.079507,95,20.0
HLT3847,49,7,0,4.3226077914308,52.068526848567,107,65.0
HLT3860,49,8,0,4.31860823810236,52.0669240153178,105,13.0
HLT3859,49,9,0,4.31862063254475,52.0667390942887,106,20.0
HLT3808,49,10,0,4.31835416602612,52.0610015648897,117,20.0
HLT3807,49,11,0,4.31843417672131,52.0611665389729,116,20.0
HLT3844,49,12,0,4.3120325933739,52.0582038775979,101,13.0
HLT3843,49,13,0,4.31227534198531,52.0580301651399,102,20.0
HLT3629,49,14,0,4.3069375086602,52.05557647248,340,13.0
HLT3709,49,15,0,4.30193001200223,52.0567790743245,310,20.0
HLS0209,49,16,0,4.293086,52.059769,349,13.0
HLS0208,49,17,0,4.293286,52.059989,350,13.0
HLT3708,49,18,0,4.30306038741281,52.056294589728,309,20.0
HLT3628,49,19,0,4.30970802487795,52.0549794250182,339,20.0
HLS0250,50,0,1,4.275623,51.935589,554,13.0
HLS0251,50,1,1,4.275786,51.935455,555,13.0
HLS0253,50,2,1,4.270303,51.932545,552,13.0
HLS0252,50,3,1,4.270345,51.932617,564,13.0
HLS0256,50,4,1,4.27017,51.92973,562,13.0
HLS0257,50,5,1,4.270272,51.929695,563,13.0
HLS0258,50,6,1,4.272159,51.925147,561,13.0
HLS0261,50,7,1,4.272194,51.925087,558,13.0
HLS0237,50,8,1,4.157834,52.001825,503,21.0
HLT3313,50,9,1,4.26373743228082,52.0420880389415,667,20.0
HLT3314,50,10,1,4.26378412929844,52.0418977585255,666,20.0
HLT3372,50,11,1,4.26564842466535,52.0407195469103,664,20.0
HLT3373,50,12,1,4.2659705862734,52.0403690003177,665,20.0
HLT3302,50,13,1,4.26812718957008,52.0389596616921,669,20.0
HLT3803,50,14,1,4.31359887592858,52.0628599398347,734,20.0
HLT3839,50,15,1,4.32147481602882,52.0663730395546,690,35.0
HLT3847,50,16,1,4.3226077914308,52.068526848567,921,20.0
HLT3846,50,17,1,4.32281645693872,52.0687325197534,922,13.0
HLT2710,50,18,1,4.32539118864927,52.0708566604853,919,13.0
HLT2706,50,19,1,4.32437,52.071887,927,20.0
